Date_time,Site_name,Species_all,EH
2022-04-13T12:18:00Z,Double Tank,none,0
2022-04-13T12:40:00Z,Fish Tank,none,0
2022-04-13T13:30:00Z,Pauline Tank,none,0
2022-04-13T14:04:00Z,Middle Canyon Tank,none,0
2022-04-13T16:28:00Z,Woodchopper Tank,RACA,0
2022-04-13T17:13:00Z,Canelo Tank,none,0
2022-04-13T19:30:00Z,"TNC, Upper",RACA,0
2022-04-13T20:05:00Z,"TNC,  Lower",none,0
2022-04-13T20:42:00Z,Jelk's Pond,RACA,0
2022-04-13T21:12:00Z,Jelk's Creek,RACA,0
2022-04-14T12:05:00Z,Japanese Tank,KISO,0
2022-04-14T12:28:00Z,Austerlitz Tank,KISO,0
2022-04-14T12:41:00Z,Agua Cercada Tank,none,0
2022-04-14T12:41:00Z,Dart Tank,none,0
2022-04-14T12:57:00Z,Corner Tank,none,0
2022-04-14T13:12:00Z,Cemetery Tank,none,0
2022-04-14T13:50:00Z,Double Tank,none,0
2022-04-14T14:06:00Z,Arrastra Tank,KISO,0
2022-04-14T14:43:00Z,Fraguita Tank,none,0
2022-04-14T15:03:00Z,Side Pocket Tank,none,0
2022-04-14T15:17:00Z,Muleshoe Tank,none,0
2022-04-14T15:47:00Z,Arivaca Tank,"KISO, TRSC, RACA",0
2022-04-14T17:17:00Z,Chilton Tank,KISO,0
2022-04-14T19:36:00Z,Alamo Tank,none,0
2022-04-14T20:15:00Z,Jarillas Tank,none,0
2022-04-14T21:15:00Z,Holding tank,none,0
2022-04-15T10:57:00Z,Mojonera Tank,RACA,0
2022-04-15T12:41:00Z,Agua Cercada Tank,none,0
2022-04-15T14:04:00Z,Frog Tank,none,0
2022-04-15T14:35:00Z,Holding tank,none,0
2022-04-15T19:30:00Z,Arivaca Tank,RACA,0
2022-04-20T19:38:00Z,Headwaters,RACH,0
2022-04-20T22:42:00Z,Bill's W.P,RACH,0
2022-04-21T00:16:00Z,Maternity Well W.P.,RACH,0
2022-04-21T19:37:00Z,Cinco Well W.P.,RACH,0
2022-04-21T20:15:00Z,Gaucho W.P.,RACH,0
2022-04-21T20:42:00Z,Road Canyon W.P.,none,0
2022-04-21T21:15:00Z,Cottonwood W.P.,RACH,0
2022-04-21T21:48:00Z,Empire Gulch Spring,RACH,0
2022-04-21T22:40:00Z,Karen's Tank,none,0
2022-04-21T23:31:00Z,Empire Well W.P.,none,0
2022-04-22T19:31:00Z,Pump Canyon,none,0
2022-04-22T20:36:00Z,Coldspring,none,0
2022-04-27T17:27:00Z,Dry Tank,none,0
2022-04-27T17:48:00Z,Mill pond,none,0
2022-04-27T18:05:00Z,BZ 2,none,0
2022-04-27T18:21:00Z,BZ 1,none,0
2022-04-27T19:47:00Z,Mustang Dam,none,0
2022-04-27T20:56:00Z,BZ 11,none,0
2022-04-27T21:24:00Z,BZ 10,none,0
2022-04-27T22:19:00Z,Jack Daniels Dam,none,0
2022-04-27T23:10:00Z,Home Tank,none,0
2022-04-28T20:03:00Z,Cinco Ponds,none,0
2022-04-28T21:17:00Z,Springwater Wetland,RACH,0
2022-04-29T16:51:00Z,Little Tank,none,0
2022-04-29T17:17:00Z,Johnson Tank,none,0
2022-04-29T17:43:00Z,Reggie Tank,none,0
2022-04-29T18:20:00Z,Beck Tank,none,0
2022-04-29T19:43:00Z,Lower Empire Gulch,RACH,0
2022-04-29T20:56:00Z,Heart Wetlands,none,0
2022-04-29T21:08:00Z,Egret Wetlands,none,0
2022-04-29T21:22:00Z,Crescent Wetlands,none,0
2022-05-04T17:19:00Z,High Tk,none,0
2022-05-04T18:05:00Z,Goat Well,none,0
2022-05-04T19:43:00Z,Clyne Spring,none,0
2022-05-04T20:21:00Z,Sues Pond,none,0
2022-05-04T20:47:00Z,Hospital Tank,none,0
2022-05-05T14:39:00Z,Twin Ponds,none,0
2022-05-05T16:23:00Z,Holding tank,none,0
2022-05-05T17:23:00Z,Arivaca Tank,none,0
2022-05-05T18:07:00Z,Chilton Tank,none,0
2022-05-05T19:50:00Z,Arivaca Tank,RACA,0
2022-05-05T21:41:00Z,Cemetery Tank,none,0
2022-05-06T14:20:00Z,Jim Davis Pond,RACA,0
2022-05-06T14:50:00Z,Milky Way Pond,RACA,0
2022-05-06T16:35:00Z,Jelk's Pond,RACA,0
2022-05-06T17:13:00Z,Jelk's Creek,RACA,0
2022-05-06T19:42:00Z,"TNC, Upper",RACA,0
2022-05-06T20:16:00Z,"TNC,  Lower",none,0
2022-05-06T21:15:00Z,Jelk's Pond,RACA,0
2022-05-06T21:36:00Z,Jelk's Creek,RACA,0
2022-05-11T16:02:00Z,Dead Cow Tank,none,0
2022-05-11T16:44:00Z,Arivaca Tank,"KISO, TRSC",0
2022-05-11T20:02:00Z,Wilbur Tank,RACH,0
2022-05-11T21:24:00Z,Arivaca Tank,RACA,0
2022-05-11T23:33:00Z,Agua Cercada Tank,none,0
2022-05-12T00:23:00Z,Mojonera Tank,RACA,0
2022-05-12T01:48:00Z,Yellowjacket Tank,none,0
2022-05-12T08:55:00Z,False Tank,KISO,0
2022-05-12T09:38:00Z,Watergate Tank,KISO,0
2022-05-12T10:35:00Z,Encinas Tank,none,0
2022-05-12T11:02:00Z,Cloud Tank,none,0
2022-05-12T12:57:00Z,Coches Tank,none,0
2022-05-12T13:27:00Z,Coches Well,none,0
2022-05-12T13:49:00Z,Alamito Tank,KISO,0
2022-05-12T14:32:00Z,Bull Tank,KISO,0
2022-05-12T20:00:00Z,Caballo Tank,none,0
2022-05-12T21:38:00Z,Arivaca Tank,none,0
2022-05-13T20:11:00Z,Arivaca Tank,none,0
2022-05-18T13:21:00Z,Arivaca Tank,none,0
2022-05-18T15:15:00Z,Dead Cow Tank,none,0
2022-05-18T15:53:00Z,Border Tank,none,0
2022-05-18T16:51:00Z,Austerlitz Tank,none,0
2022-05-18T17:34:00Z,Cemetery Tank,none,0
2022-05-18T19:58:00Z,Chulo Tank,BUPU,0
2022-05-18T20:44:00Z,Cemetery Tank,none,0
2022-05-18T21:02:00Z,Corner Tank,none,0
2022-05-18T21:20:00Z,Austerlitz Tank,none,0
2022-05-18T21:33:00Z,Japanese Tank,BUPU,0
2022-05-18T22:25:00Z,Arivaca Tank,BUPU,0
2022-05-19T11:15:00Z,"Turkey Creek, Canelo Project",RACA,0
2022-05-19T12:50:00Z,Fish Tank,none,0
2022-05-19T13:37:00Z,Upper Tank,RACA,0
2022-05-19T14:20:00Z,Woodchopper Tank,RACA,0
2022-05-19T15:37:00Z,Pauline Tank,RACA,0
2022-05-19T16:36:00Z,Middle Canyon Tank,RACA,0
2022-05-20T13:50:00Z,La Siesta Campgrounds,RACA,0
2022-05-20T16:30:00Z,Cemetery Tank,none,0
2022-05-20T20:03:00Z,Double Tank,none,0
2022-05-20T20:18:00Z,Arrastra Tank,"RACH, BUPU",0
2022-05-20T20:48:00Z,Fraguita Tank,none,0
2022-05-20T21:26:00Z,Arivaca Tank,none,0
2022-05-23T10:33:00Z,Rusty's RV Ranch,none,0
2022-05-23T11:10:00Z,Chiricahua Desert Museum,RACA,0
2022-05-23T11:35:00Z,Willow Pond,RACA,0
2022-05-23T12:11:00Z,Morgan Pond,none,0
2022-05-23T12:45:00Z,Horse Tank,none,0
2022-05-23T13:15:00Z,Sanford Tk,none,0
2022-05-23T13:55:00Z,Cave Creek Ranch,RACH,0
2022-05-25T11:08:00Z,Jelk's Pond,RACA,0
2022-05-25T11:48:00Z,Jelk's Creek,RACA,0
2022-05-25T16:27:00Z,"TNC, Upper",RACA,0
2022-05-25T17:10:00Z,"TNC, Lower",KISO,0
2022-05-25T20:13:00Z,"Turkey Creek, Canelo Project",RACA,0
2022-05-25T22:05:00Z,Pauline Tank,RACA,0
2022-05-25T23:09:00Z,Middle Canyon Tank,RACA,0
2022-05-26T10:41:00Z,Spartacus Pond,none,0
2022-05-26T12:30:00Z,Jelk's Creek,RACA,0
2022-05-26T13:06:00Z,Jelk's Pond,RACA,0
2022-05-26T20:10:00Z,Jelk's Pond,RACA,0
2022-05-26T20:35:00Z,Jelk's Creek,"RACA, HYWR",0
2022-05-26T21:06:00Z,Spartacus Pond,none,0
2022-05-26T22:11:00Z,"TNC, Upper",RACA,0
2022-05-26T22:44:00Z,"TNC, Lower",none,0
2022-05-31T11:59:00Z,Wilbur Tank,RACH,0
2022-05-31T14:20:00Z,Mojonera Tank,RACH,0
2022-05-31T16:32:00Z,Cemetery Tank,RACA,0
2022-05-31T19:00:00Z,Arivaca Tank,HYAR,0
2022-06-01T15:31:00Z,Pauline Tank,none,0
2022-06-01T16:40:00Z,Middle Canyon Tank,none,0
2022-06-01T22:40:00Z,Jelk's Pond,RACA,0
2022-06-01T22:53:00Z,Jelk's Creek,RACA,0
2022-06-01T23:30:00Z,"TNC, Upper",RACA,0
2022-06-02T00:01:00Z,"TNC, Lower",none,0
2022-06-02T11:03:00Z,Bill's W.P,RACH,0
2022-06-02T11:45:00Z,Gaucho W.P.,RACH,0
2022-06-02T12:00:00Z,Cottonwood W.P.,RACH,0
2022-06-02T15:20:00Z,Lower Empire Gulch,"RACH, KISO",0
2022-06-02T16:19:00Z,Empire Gulch Spring,none,0
2022-06-02T17:15:00Z,Maternity Well W.P.,RACH,0
2022-06-07T14:34:00Z,Jelk's Pond,RACA,0
2022-06-07T15:02:00Z,Jelk's Creek,RACA,0
2022-06-07T17:06:00Z,Middle Canyon Tank,none,0
2022-06-07T17:54:00Z,Pauline Tank,none,0
2022-06-07T19:50:00Z,"Turkey Creek, Canelo Project",KISO,0
2022-06-07T21:00:00Z,Jelk's Pond,RACA,0
2022-06-07T21:21:00Z,Jelk's Creek,RACA,0
2022-06-08T20:27:00Z,Papago Tanks,none,0
2022-06-08T21:19:00Z,Ruby Lakes,none,0
2022-06-08T22:13:00Z,Town Lake,none,0
2022-06-08T23:03:00Z,Mineral Lake,none,0
2022-06-09T09:53:00Z,Japanese Tank,KISO,0
2022-06-09T10:09:00Z,Austerlitz Tank,KISO,0
2022-06-09T10:35:00Z,Corner Tank,none,0
2022-06-09T12:00:00Z,Cemetery Tank,none,0
2022-06-09T14:50:00Z,Dead Cow Tank,none,0
2022-06-09T15:04:00Z,Border Tank,none,0
2022-06-09T15:31:00Z,Double Tank,none,0
2022-06-09T15:45:00Z,Arrastra Tank,KISO,0
2022-06-09T16:19:00Z,Fraguita Tank,none,0
2022-06-09T16:35:00Z,Side Pocket Tank,none,0
2022-06-09T20:20:00Z,Chilton Tank,"BUPU, HYAR",0
2022-06-09T20:42:00Z,Arivaca Tank,"BUPU, HYAR, INAL",0
2022-06-10T18:52:00Z,Cinco Well W.P.,none,0
2022-06-10T20:18:00Z,Springwater Wetland,RACH,0
2022-06-10T21:14:00Z,Lower Empire Gulch,RACH,0
2022-06-10T22:06:00Z,Heart Wetlands,none,0
2022-06-10T22:14:00Z,Egret Wetlands,none,0
2022-06-10T22:21:00Z,Crescent Wetlands,RACH,0
2022-06-10T22:40:00Z,Empire Gulch Spring,RACH,0
2022-06-14T13:40:00Z,Middle Canyon Tank,none,0
2022-06-14T14:39:00Z,Pauline Tank,none,0
2022-06-14T17:10:00Z,Fish Tank,none,0
2022-06-14T17:55:00Z,Double Tank,none,0
2022-06-14T20:01:00Z,"Turkey Creek, Canelo Project",KISO,0
2022-06-14T21:18:00Z,Jelk's Pond,RACA,0
2022-06-14T21:38:00Z,Jelk's Creek,RACA,0
2022-06-14T22:27:00Z,"TNC, Upper",RACA,0
2022-06-14T22:52:00Z,"TNC, Lower",RACA,0
2022-06-15T20:27:00Z,Pump Canyon,KISO,0
2022-06-15T20:28:00Z,Coldspring,"KISO, RACH, RAYA, RA sp?",0
2022-06-17T20:28:00Z,Hospital Tank,"RACH, THCY",0
2022-06-17T21:36:00Z,Cinco Well W.P.,RACH,0
2022-06-17T22:40:00Z,Empire Well W.P.,RACH,0
2022-06-21T18:28:00Z,Pyeatt Tank,none,0
2022-06-21T20:28:00Z,Pyeatt Tank,none,0
2022-06-21T20:41:00Z,"TNC, Lower",none,0
2022-06-21T21:10:00Z,Jelk's Pond,RACA,0
2022-06-21T21:32:00Z,Jelk's Creek,RACA,0
2022-06-21T22:18:00Z,Spartacus Pond,none,0
2022-06-21T23:04:00Z,"TNC, Upper",RACA,0
2022-06-21T23:43:00Z,"TNC, Lower",none,0
2022-06-22T20:45:00Z,Mojonera Tank,"RACH, BUAL",1
2022-06-22T22:37:00Z,Agua Cercada Tank,"RACH, BUAL",1
2022-06-22T23:40:00Z,Alamo Tank,RACH,0
2022-06-23T00:46:00Z,Chulo Tank,"RACH, BUAL",1
2022-06-23T20:25:00Z,Bill's W.P,RACH,0
2022-06-23T21:45:00Z,Road Canyon W.P.,RACH,0
2022-06-23T22:27:00Z,Cinco Well W.P.,RACH,0
2022-06-24T20:20:00Z,Hospital Tank,"RACH, THCY",0
2022-06-29T20:12:00Z,Cottonwood W.P.,RACH,0
2022-06-29T20:41:00Z,Karen's Tank,"BUAL, RACH",1
2022-06-30T15:45:00Z,Pauline Tank,none,0
2022-06-30T16:30:00Z,Middle Canyon Tank,none,0
2022-06-30T20:11:00Z,"Turkey Creek, Canelo Project",none,0
2022-06-30T20:30:00Z,Jelk's Pond,RACA,0
2022-06-30T20:55:00Z,Jelk's Creek,RACA,0
2022-06-30T22:25:00Z,"TNC, Upper",RACA,0
2022-07-01T20:43:00Z,Cemetery Tank,"RACA, BUPU",0
2022-07-01T21:43:00Z,Double Tank,none,0
2022-07-01T22:00:00Z,Arrastra Tank,"RACH, HYAR, GAOL",0
2022-07-01T22:49:00Z,Arivaca Tank,"BUAL, HYAR",1
2022-07-06T15:05:00Z,Double Tank,none,0
2022-07-06T15:20:00Z,Fish Tank,none,0
2022-07-06T16:05:00Z,Jelk's Pond,"RACA, KISO, HYWR",0
2022-07-06T20:20:00Z,"TNC, Upper",RACA,0
2022-07-06T20:52:00Z,"TNC, Lower",none,0
2022-07-06T21:29:00Z,Jelk's Pond,RACA,0
2022-07-06T21:32:00Z,Jelk's Creek,"RACA, KISO",0
2022-07-06T21:54:00Z,Jelk's Creek,RACA,0
2022-07-07T15:54:00Z,Jelk's Pond,RACA,0
2022-07-07T16:29:00Z,Jelk's Creek,"RACA, KISO",0
2022-07-07T20:18:00Z,"TNC, Upper",RACA,0
2022-07-07T21:00:00Z,Jelk's Pond,RACA,0
2022-07-07T21:22:00Z,Jelk's Creek,RACA,0
2022-07-08T14:07:00Z,Mustang Dam,none,0
2022-07-08T15:24:00Z,BZ 10,none,0
2022-07-08T17:50:00Z,Austerlitz Tank,KISO,0
2022-07-08T18:06:00Z,Japanese Tank,KISO,0
2022-07-08T18:27:00Z,Dart Tank,none,0
2022-07-08T18:40:00Z,Corner Tank,none,0
2022-07-08T20:25:00Z,Cemetery Tank,RACA,0
2022-07-12T15:45:00Z,BLM Slattum,none,0
2022-07-12T16:00:00Z,Home Tank,none,0
2022-07-12T16:32:00Z,Beck Tank,none,0
2022-07-12T16:58:00Z,Reggie Tank,none,0
2022-07-12T17:10:00Z,Johnson Tank,none,0
2022-07-12T17:40:00Z,Little Tank,none,0
2022-07-12T18:45:00Z,Mill pond,none,0
2022-07-12T19:04:00Z,BZ 2,none,0
2022-07-12T20:28:00Z,Mustang Dam,RACA,0
2022-07-12T21:35:00Z,BZ 10,none,0
2022-07-12T22:26:00Z,BZ 11,SPMU,0
2022-07-12T23:07:00Z,Jack Daniels Dam,none,0
2022-07-13T12:57:00Z,Jelk's Pond,RACA,0
2022-07-13T13:25:00Z,Jelk's Creek,"RACA, KISO",0
2022-07-13T20:22:00Z,"TNC, Upper",RACA,0
2022-07-13T20:43:00Z,"TNC, Upper",RACA,0
2022-07-13T22:00:00Z,Jelk's Creek,RACA,0
2022-07-13T22:00:00Z,Jelk's Pond,RACA,0
2022-07-14T11:05:00Z,"""Worry 8""",none,0
2022-07-14T11:18:00Z,"""Worry 9""",none,0
2022-07-14T11:38:00Z,"""Worry 11""",SPMU,0
2022-07-14T12:03:00Z,"""Worry 12""",none,0
2022-07-14T12:18:00Z,"""Worry 13""",SPMU,0
2022-07-14T20:28:00Z,Jelk's Creek,RACA,0
2022-07-14T21:10:00Z,Jelk's Pond,RACA,0
2022-07-15T17:30:00Z,Jarillas Tank,none,0
2022-07-15T20:15:00Z,Cemetery Tank,none,0
2022-07-19T17:12:00Z,Jelk's Pond,RACA,0
2022-07-19T17:46:00Z,Jelk's Creek,RACA,0
2022-07-19T22:40:00Z,Jelk's Pond,RACA,0
2022-07-19T23:16:00Z,Jelk's Creek,RACA,0
2022-07-20T20:05:00Z,"Turkey Creek, Canelo Project","KISO, THCY",0
2022-07-20T20:21:00Z,Jelk's Pond,RACA,0
2022-07-20T21:56:00Z,Jelk's Creek,RACA,0
2022-07-20T23:34:00Z,"TNC, Upper",RACA,0
2022-07-21T12:07:00Z,"""Worry 10""",none,0
2022-07-21T13:02:00Z,"""Worry 5""",none,0
2022-07-21T20:11:00Z,Jelk's Pond,RACA,0
2022-07-21T20:18:00Z,Middle Canyon Tank,none,0
2022-07-21T20:35:00Z,Jelk's Creek,RACA,0
2022-07-21T20:54:00Z,Pauline Tank,"HYAR, HYWR",0
2022-07-22T20:22:00Z,Cemetery Tank,RACA,0
2022-07-26T20:18:00Z,Jelk's Creek,RACA,0
2022-07-26T20:19:00Z,Jelk's Pond,RACA,0
2022-07-26T21:39:00Z,"TNC, Upper",RACA,0
2022-07-26T21:47:00Z,"TNC, Lower",none,0
2022-07-27T11:47:00Z,Jelk's Pond,RACA,0
2022-07-27T12:00:00Z,Jelk's Creek,"RACA, KISO",0
2022-07-27T20:15:00Z,Jelk's Creek,RACA,0
2022-07-27T20:15:00Z,Jelk's Pond,RACA,0
2022-07-28T16:44:00Z,Hospital Tank,RACH,0
2022-07-28T20:17:00Z,Jelk's Creek,"RACA, HYWR",0
2022-07-28T20:17:00Z,Jelk's Pond,"RACA, HYWR, SPMU",0
2022-08-02T16:20:00Z,Mojonera Tank,RACH,0
2022-08-02T16:46:00Z,Jelk's Pond,RACA,0
2022-08-02T17:02:00Z,Jelk's Creek,RACA,0
2022-08-02T18:20:00Z,Alamo Tank,RACH,0
2022-08-02T19:10:00Z,Jarillas Tank,RACH,0
2022-08-02T19:57:00Z,"Turkey Creek, Canelo Project",none,0
2022-08-02T21:00:00Z,Cemetery Tank,RACA,0
2022-08-02T21:03:00Z,Jelk's Pond,"RACA, HYWR",0
2022-08-02T21:24:00Z,Jelk's Creek,RACA,0
2022-08-03T20:05:00Z,"TNC, Upper",RACA,0
2022-08-03T21:44:00Z,Clyne Pond,RACH,0
2022-08-04T20:11:00Z,Jelk's Pond,"RACA, HYWR",0
2022-08-04T21:00:00Z,Jelk's Creek,RACA,0
2022-08-05T20:26:00Z,Jelk's Pond,"RACA, HYWR",0
2022-08-05T21:00:00Z,Jelk's Creek,RACA,0
2022-08-09T15:06:00Z,Middle Canyon Tank,none,0
2022-08-09T15:48:00Z,Pauline Tank,none,0
2022-08-09T17:03:00Z,Fish Tank,none,0
2022-08-09T17:36:00Z,Double Tank,none,0
2022-08-09T20:12:00Z,Jelk's Pond,RACA,0
2022-08-09T20:29:00Z,Jelk's Creek,RACA,0
2022-08-11T20:45:00Z,Jelk's Creek,RACA,0
2022-08-11T20:45:00Z,Jelk's Pond,"RACA, HYWR",0
2022-08-12T20:15:00Z,Jelk's Pond,RACA,0
2022-08-12T20:41:00Z,Jelk's Creek,RACA,0
2022-08-14T19:50:00Z,Cemetery Tank,"RACA, GAOL",0
2022-08-16T12:30:00Z,Fraguita Tank,none,0
2022-08-16T12:50:00Z,Side Pocket Tank,none,0
2022-08-16T13:07:00Z,Muleshoe Tank,none,0
2022-08-16T20:01:00Z,"TNC, Lower",none,0
2022-08-16T20:44:00Z,"TNC, Upper",RACA,0
2022-08-17T20:12:00Z,Jelk's Pond,RACA,0
2022-08-17T20:13:00Z,Jelk's Creek,RACA,0
2022-08-18T20:00:00Z,Jelk's Creek,RACA,0
2022-08-18T20:01:00Z,Jelk's Pond,RACA,0
2022-08-23T15:03:00Z,Home Tank,none,0
2022-08-23T15:36:00Z,Beck Tank,none,0
2022-08-23T16:15:00Z,BZ 2,none,0
2022-08-23T17:02:00Z,Jack Daniels Dam,none,0
2022-08-24T19:41:00Z,Road Canyon W.P.,RACH,0
2022-08-24T20:11:00Z,Gaucho W.P.,RACH,0
2022-08-24T20:52:00Z,Cinco Well W.P.,RACH,0
2022-08-24T21:36:00Z,Cottonwood W.P.,RACH,0
2022-08-24T22:14:00Z,Bill's W.P,RACH,0
2022-08-24T22:53:00Z,Maternity Well W.P.,RACH,0
2022-08-25T20:00:00Z,Lower Empire Gulch,RACH,0
2022-08-25T21:06:00Z,Heart Wetlands,RACH,0
2022-08-25T21:17:00Z,Crescent Wetlands,RACH,0
2022-08-25T21:24:00Z,Egret Wetlands,RACH,0
2022-08-25T21:51:00Z,Karen's Tank,RACH,0
2022-08-25T22:14:00Z,Empire Gulch Spring,RACH,0
2022-08-30T17:07:00Z,Austerlitz Tank,KISO,0
2022-08-30T17:33:00Z,Japanese Tank,none,0
2022-08-30T18:49:00Z,Double Tank,none,0
2022-08-30T20:14:00Z,Chulo Tank,RACH,0
2022-08-30T21:12:00Z,Cemetery Tank,RACA,0
2022-08-30T22:35:00Z,Arivaca Tank,RACA,0
2022-08-31T12:55:00Z,Jelk's Pond,"RACA, KISO",0
2022-08-31T13:35:00Z,Jelk's Creek,"RACA, KISO",0
2022-08-31T15:45:00Z,"O'Donnell Creek, TNC entire",HYWR,0
2022-08-31T19:34:00Z,"O'Donnell Creek, Below TNC",RACA,0
2022-08-31T21:02:00Z,"TNC, Lower",none,0
2022-08-31T21:05:00Z,"TNC, Upper",RACA,0
2022-08-31T22:05:00Z,Sparticus Reach,RACA,0
2022-08-31T22:12:00Z,Jelk's Creek,RACA,0
2022-08-31T22:35:00Z,Jelk's Pond,RACA,0
2022-09-01T11:12:00Z,Double Tank,none,0
2022-09-01T11:39:00Z,Fish Tank,KISO,0
2022-09-01T13:08:00Z,Pauline Tank,none,0
2022-09-01T19:30:00Z,"Turkey Creek, Canelo Project",RACA,0
2022-09-01T19:37:00Z,Jelk's Pond,RACA,0
2022-09-01T20:50:00Z,Spartacus Pond,RACA,0
2022-09-02T19:47:00Z,Cemetery Tank,none,0
2022-09-02T20:51:00Z,Arivaca Tank,BUAL,1
2022-09-02T21:29:00Z,Chilton Tank,BUAL,1
2022-09-06T14:02:00Z,Jelk's Creek,RACA,0
2022-09-06T14:38:00Z,Jelk's Pond,RACA,0
2022-09-06T15:39:00Z,Hospital Tank,RACH,0
2022-09-06T16:15:00Z,Sues Pond,RACH,0
2022-09-06T16:42:00Z,State Tank,RACH,0
2022-09-06T19:58:00Z,Mustang Dam,none,0
2022-09-06T22:05:00Z,BZ 10,none,0
2022-09-07T19:12:00Z,"O'Donnell Creek, Below TNC",RACA,0
2022-09-07T20:30:00Z,"TNC, Lower",RACA,0
2022-09-07T20:43:00Z,"TNC, Upper",RACA,0
2022-09-07T21:30:00Z,Spartacus Pond,none,0
2022-09-07T21:51:00Z,Jelk's Pond,RACA,0
2022-09-08T19:10:00Z,Middle Canyon Tank,none,0
2022-09-08T20:00:00Z,Pauline Tank,none,0
2022-09-08T21:07:00Z,Double Tank,none,0
2022-09-08T21:39:00Z,Fish Tank,none,0
2022-09-14T11:39:00Z,La Siesta Campgrounds,RACA,0
2022-09-14T11:54:00Z,Austerlitz Tank,RACA,0
2022-09-14T12:52:00Z,Cemetery Tank,none,0
2022-09-14T13:16:00Z,Austerlitz Tank,"RACA, KISO",0
2022-09-14T14:22:00Z,Japanese Tank,RACA,0
2022-09-14T14:49:00Z,Margarita Tank,none,0
2022-09-14T15:32:00Z,Corner Tank,none,0
2022-09-14T16:05:00Z,Dead Cow Tank,RACA,0
2022-09-14T16:57:00Z,Border Tank,none,0
2022-09-14T17:50:00Z,Arivaca Tank,none,0
2022-09-14T19:30:00Z,Mojonera Tank,RACH,0
2022-09-14T21:28:00Z,Frog Tank,RACH,0
2022-09-14T22:22:00Z,Muleshoe Tank,"RACA, BUAL",1
2022-09-14T22:44:00Z,Side Pocket Tank,BUAL,1
2022-09-14T23:34:00Z,Japanese Tank,none,0
2022-09-15T00:01:00Z,Dart Tank,none,0
2022-09-15T00:21:00Z,Austerlitz Mine,none,0
2022-09-20T19:25:00Z,Austerlitz Tank,KISO,0
2022-09-20T19:44:00Z,Japanese Tank,none,0
2022-09-20T20:08:00Z,Rattlesnake Canyon Pool,none,0
2022-09-20T20:28:00Z,Cemetery Tank,none,0
2022-09-20T21:00:00Z,Dead Cow Tank,RACA,0
2022-09-20T21:59:00Z,Arrastra Tank,RACH,0
2022-09-20T22:29:00Z,Fraguita Tank,none,0
2022-09-20T22:50:00Z,Muleshoe Tank,BUAL,1
2022-09-21T18:57:00Z,"O'Donnell Creek, Below TNC",RACA,0
2022-09-21T21:00:00Z,"TNC, Upper",none,0
2022-09-21T21:30:00Z,"TNC, Lower",none,0
2022-09-22T15:05:00Z,Upper Tank,RACA,0
2022-09-22T15:46:00Z,Woodchopper Tank,"RACA, AMBY sp.",0
2022-09-22T16:23:00Z,Border Tank,RACA,0
2022-09-22T16:40:00Z,Canelo Tank,RACA,0
2022-09-22T17:00:00Z,Fish Tank,none,0
2022-09-22T19:15:00Z,Jelk's Pond,RACA,0
2022-09-22T19:42:00Z,Jelk's Creek,RACA,0
2022-09-23T12:10:00Z,Cave Creek Ranch,RACH,0
2022-09-23T12:32:00Z,Horse Tank,none,0
2022-09-23T12:55:00Z,Sanford Tk,RACH,0
2022-09-23T13:19:00Z,Morgan Pond,RACH,0
2022-09-23T13:40:00Z,Chiricahua Desert Museum,RACA,0
2022-09-23T13:57:00Z,Rusty's RV Ranch,none,0
2022-09-23T14:17:00Z,Willow Pond,RACA,0
2022-09-23T19:40:00Z,Springwater Wetland,RACH,0
2022-09-23T20:50:00Z,Empire Well W.P.,RACH,0
2022-09-28T14:14:00Z,Pauline Tank,none,0
2022-09-28T14:53:00Z,Middle Canyon Tank,none,0
2022-09-28T17:08:00Z,Canelo Tank,RACA,0
2022-09-28T19:29:00Z,Jelk's Pond,RACA,0
2022-09-28T19:41:00Z,"Turkey Creek, Canelo Project",RACA,0
2022-09-28T19:52:00Z,Jelk's Creek,RACA,0
2022-09-28T22:08:00Z,Canelo Tank,RACA,0
2022-09-28T22:35:00Z,Fish Tank,none,0
2022-10-04T11:10:00Z,"Turkey Creek, Canelo Project",RACA,0
2022-10-04T13:21:00Z,Jelk's Pond,RACA,0
2022-10-04T13:48:00Z,Jelk's Creek,RACA,0
2022-10-05T13:23:00Z,Wilbur Tank,RACH,0
2022-10-05T14:12:00Z,Caballo Tank,none,0
2022-10-05T15:45:00Z,Cemetery Tank,none,0
2022-10-05T19:04:00Z,Rudy Ronquillo,RACH,0
2022-10-05T23:17:00Z,Coches Tank,RACH,0
2022-10-06T11:03:00Z,False Tank,KISO,0
2022-10-06T11:48:00Z,Watergate Tank,none,0
2022-10-11T09:59:00Z,Cloud Tank,none,0
2022-10-11T10:45:00Z,Jarillas Tank,RACH,0
2022-10-11T11:28:00Z,Alamo Tank,RACH,0
2022-10-11T12:40:00Z,Holding tank,KISO,0
2022-10-12T18:41:00Z,"Turkey Creek, Canelo Project","RACA, RACH",0
2022-10-12T19:52:00Z,Jelk's Creek,RACA,0
2022-10-12T21:07:00Z,Jelk's Pond,RACA,0
2022-10-13T10:41:00Z,"Turkey Creek, FS Fire Station",RACA,0
2022-10-13T11:53:00Z,Sawtelle Tank,none,0
2022-10-13T12:33:00Z,Pyeatt Tank,RACA,0
2022-10-18T14:02:00Z,Woodchopper Tank,RACA,0
2022-10-18T15:30:00Z,Upper Tank,none,0
2022-10-18T16:12:00Z,Border Tank,RACA,0
2022-10-18T17:20:00Z,Canelo Tank,RACA,0
2022-10-18T18:31:00Z,Pyeatt Tank,RACA,0
2022-10-18T20:05:00Z,"Turkey Creek, Canelo Project to FS Fire Station",RACA,0
2022-10-19T14:14:00Z,Home Tank,none,0
2022-10-19T14:29:00Z,Dry Tank,none,0
2022-10-19T14:50:00Z,Mill pond,none,0
2022-10-19T15:08:00Z,Beck Tank,none,0
2022-10-19T18:14:00Z,Coldspring,"RAYA, RACH, RA sp?",0
2022-10-19T18:27:00Z,Pump Canyon,RAYA,0
2022-10-19T20:31:00Z,Karen's Tank,RACH,0
2022-10-19T20:43:00Z,Empire Gulch Spring,RACH,0
2022-10-20T13:45:00Z,Canelo Tank,none,0
2022-10-20T18:07:00Z,Headwaters,"RAYA, RACH",0
2022-10-20T20:33:00Z,Bill's W.P,RACH,0
2022-10-21T18:42:00Z,Maternity Well W.P.,RACH,0
2022-10-21T19:17:00Z,Empire Well W.P.,RACH,0
2022-10-21T20:15:00Z,Cottonwood W.P.,RACH,0
2022-10-21T21:23:00Z,Gaucho W.P.,RACH,0
2022-10-21T21:53:00Z,Cinco Well W.P.,RACH,0
2022-10-21T22:44:00Z,Road Canyon W.P.,RACH,0
2022-10-25T14:19:00Z,BZ 1,none,0
2022-10-25T14:28:00Z,BZ 2,none,0
2022-10-25T16:21:00Z,Canelo Tank,RACA,0
2022-10-25T16:50:00Z,Border Tank,RACA,0
2022-10-25T18:30:00Z,Border Tank,RACA,0
2022-10-25T19:02:00Z,Canelo Tank,RACA,0
2022-10-25T20:40:00Z,BZ 11,none,0
2022-10-25T21:08:00Z,BZ 10,none,0
2022-10-26T20:31:00Z,Jelk's Creek,RACA,0
2022-10-26T20:32:00Z,Jelk's Pond,none,0
2022-10-27T12:03:00Z,Maloney Tank,none,0
2022-10-27T12:36:00Z,West Tank,none,0
2022-10-27T12:57:00Z,Coyote Tank,RACH,0
2022-10-27T13:27:00Z,Middle Tank,none,0
2022-10-27T13:51:00Z,O'Leary Tank,"RACH, KISO",0
2022-10-27T14:38:00Z,Sabino Tank,"RACH, KISO",0
2022-10-27T15:03:00Z,Double Tanks,RACH,0
2022-11-01T18:11:00Z,Hospital Tank,RACH,0
2022-11-01T19:01:00Z,Sues Pond,RACH,0
2022-11-01T19:27:00Z,State Tank,RACH,0
2022-11-01T19:50:00Z,Clyne Pond,RACH,0
2022-11-02T11:57:00Z,Horse Tank,none,0
2022-11-02T12:46:00Z,Holding tank,none,0
2022-11-02T13:54:00Z,Alamito Tank,none,0
2022-11-02T16:10:00Z,Yellowjacket Tank,none,0
2022-11-02T18:11:00Z,Agua Cercada Tank,none,0
2022-11-02T19:06:00Z,Coches Tank,RACH,0
2022-11-02T20:10:00Z,Frog Tank,RACH,0
2022-11-02T20:44:00Z,Jarillas Tank,RACH,0
2022-11-02T21:18:00Z,Alamo Tank,none,0
2022-11-08T15:09:00Z,Woodchopper Tank,RACA,0
2022-11-08T16:11:00Z,Border Tank,RACA,0
2022-11-08T16:57:00Z,Canelo Tank,RACA,0
2022-11-08T18:17:00Z,Pyeatt Tank,RACA,0
2022-11-08T19:20:00Z,Jelk's Pond,none,0
2022-11-08T19:36:00Z,Jelk's Creek,RACA,0
2022-11-08T20:00:00Z,"Spartacus Pond, downstream",none,0
2022-11-08T21:00:00Z,"TNC, Upper",none,0
2022-11-08T21:27:00Z,"TNC, Lower",none,0
2022-11-09T14:18:00Z,Pauline Tank,none,0
2022-11-09T14:59:00Z,Middle Canyon Tank,none,0
2022-11-09T18:04:00Z,"O'Donnell Creek, Below TNC",RACA,0
2022-11-10T16:15:00Z,Palomas Tank,KISO,0
2022-11-10T18:22:00Z,Mineral Lake,none,0
2022-11-10T19:12:00Z,Town Lake,none,0
2022-11-10T20:30:00Z,Papago Tanks,none,0
2022-11-10T21:28:00Z,Ruby Lakes,none,0
2022-11-17T18:12:00Z,"Turkey Creek, Canelo Project to FS Fire Station",RACA,0
2022-11-17T20:30:00Z,Jelk's Pond,none,0
2022-11-17T20:44:00Z,Jelk's Creek,none,0
2022-11-17T21:07:00Z,Spartacus Pond,RACA,0
2022-11-22T14:50:00Z,Arrastra Tank,KISO,0
2022-11-22T15:56:00Z,Japanese Tank,none,0
2022-11-22T16:35:00Z,Cemetery Tank,none,0
2022-11-22T18:53:00Z,Ostrich Tank,none,0
2022-11-22T19:23:00Z,Muleshoe Tank,none,0
2022-11-22T19:53:00Z,Arivaca Tank,none,0
2022-11-23T19:55:00Z,"Spartacus Pond, downstream",RACA,0
2022-11-29T13:50:00Z,Cinco Well W.P.,none,0
2022-11-29T14:48:00Z,Gaucho W.P.,RACH,0
2022-11-29T15:56:00Z,Bill's W.P,RACH,0
2022-11-29T16:25:00Z,Karen's Tank,none,0
2022-11-29T17:00:00Z,Empire Well W.P.,none,0
2023-03-21T19:00:00Z,Empire Gulch Spring,none,0
2023-03-21T19:31:00Z,Karen's Tank,none,0
2023-03-21T19:58:00Z,Cottonwood W.P.,RACH,0
2023-03-21T20:17:00Z,Gaucho W.P.,none,0
2023-03-21T20:45:00Z,Cinco Well W.P.,none,0
2023-03-22T20:39:00Z,Heart Wetlands,none,0
2023-03-22T20:51:00Z,Crescent Wetlands,none,0
2023-03-22T21:02:00Z,Egret Wetlands,none,0
2023-03-22T21:56:00Z,Bill's W.P,none,0
2023-03-28T19:10:00Z,Road Canyon W.P.,none,0
2023-03-28T20:13:00Z,Springwater Wetland,none,0
2023-03-28T21:33:00Z,Empire Well W.P.,none,0
2023-03-29T17:34:00Z,Jelk's Pond,KISO,0
2023-03-29T17:52:00Z,Jelk's Creek,none,0
2023-03-29T19:29:00Z,Jelk's Pond,none,0
2023-03-29T19:40:00Z,Jelk's Creek,none,0
2023-03-29T19:52:00Z,"Spartacus Pond, downstream",RACA,0
2023-03-29T20:36:00Z,"TNC, Lower",none,0
2023-03-29T21:06:00Z,"TNC, Upper",RACA,0
2023-03-29T22:21:00Z,Maternity Well W.P.,none,0
2023-03-30T19:22:00Z,Alamo Tank,none,0
2023-03-30T19:58:00Z,Jarillas Tank,none,0
2023-03-30T20:25:00Z,Frog Tank,none,0
2023-03-30T21:19:00Z,Cemetery Tank,none,0
2023-04-04T18:25:00Z,"Turkey Creek, Canelo Project",RACA,0
2023-04-04T20:48:00Z,Jelk's Pond,none,0
2023-04-04T21:00:00Z,Jelk's Creek,none,0
2023-04-04T21:25:00Z,Spartacus Pond,none,0
2023-04-04T21:57:00Z,"TNC, Lower",none,0
2023-04-04T22:18:00Z,"TNC, Upper",none,0
2023-04-06T19:20:00Z,McDaniel Pond,RACA,0
2023-04-06T20:14:00Z,"Turkey Creek, Canelo Project",RACA,0
2023-04-06T22:00:00Z,"TNC, Upper",none,0
2023-04-11T16:30:00Z,Japanese Tank,none,0
2023-04-11T16:48:00Z,Austerlitz Tank,none,0
2023-04-11T17:35:00Z,Arivaca Tank,none,0
2023-04-11T18:15:00Z,Muleshoe Tank,none,0
2023-04-11T20:58:00Z,Agua Cercada Tank,none,0
2023-04-11T22:15:00Z,Arivaca Tank,none,0
2023-04-11T22:47:00Z,Chilton Tank,none,0
2023-04-12T16:43:00Z,Pauline Tank,RACA,0
2023-04-12T17:32:00Z,Middle Canyon Tank,RACA,0
2023-04-12T19:51:00Z,"Turkey Creek, Canelo Project",RACA,0
2023-04-12T21:59:00Z,"TNC, Upper",none,0
2023-04-18T14:51:00Z,Border Tank,none,0
2023-04-18T15:21:00Z,Woodchopper Tank,RACA,0
2023-04-18T16:35:00Z,Upper Tank,RACA,0
2023-04-18T17:31:00Z,Canelo Tank,RACA,0
2023-04-18T19:30:00Z,Lower ODonell Creek,"RACH, RACA",0
2023-04-18T20:45:00Z,"TNC, Lower",none,0
2023-04-18T21:09:00Z,"TNC, Upper",none,0
2023-04-19T14:35:00Z,Fish Tank,KISO,0
2023-04-19T15:02:00Z,Double Tank,none,0
2023-04-19T17:02:00Z,Middle Canyon Tank,none,0
2023-04-19T19:46:00Z,Pyeatt Tank,none,0
2023-04-19T20:23:00Z,"Turkey Creek, Canelo Project","RACA, TRSC",0
2023-04-20T19:36:00Z,"Turkey Creek, Canelo Project",RACA,0
2023-04-25T14:50:00Z,Woodchopper Tank,RACA,0
2023-04-25T16:54:00Z,Upper Tank,RACA,0
2023-04-25T17:37:00Z,Border Tank,none,0
2023-04-25T17:50:00Z,Canelo Tank,RACA,0
2023-04-25T19:40:00Z,"Turkey Creek, Canelo Project",RACA,0
2023-04-25T21:40:00Z,"TNC, Upper",none,0
2023-04-26T15:32:00Z,Clyne Pond,none,0
2023-04-26T16:12:00Z,Hospital Tank,RACH,0
2023-04-26T19:42:00Z,Mustang Dam,none,0
2023-04-26T20:37:00Z,BZ 10,none,0
2023-04-26T21:03:00Z,BZ 11,none,0
2023-04-26T21:54:00Z,Jack Daniels Dam,none,0
2023-04-27T14:01:00Z,Woodchopper Tank,RACA,0
2023-04-27T15:24:00Z,Upper Tank,RACA,0
2023-04-27T15:53:00Z,Border Tank,none,0
2023-04-27T16:08:00Z,Canelo Tank,RACA,0
2023-04-27T19:50:00Z,Jelk's Pond,none,0
2023-04-27T20:06:00Z,Jelk's Creek,none,0
2023-04-27T20:57:00Z,"TNC, Lower",none,0
2023-04-27T21:20:00Z,"TNC, Upper",none,0
2023-05-02T14:51:00Z,Twin Ponds,none,0
2023-05-02T17:50:00Z,Cemetery Tank,none,0
2023-05-02T19:47:00Z,Chulo Tank,none,0
2023-05-02T20:26:00Z,Double Tank,none,0
2023-05-02T20:41:00Z,Arrastra Tank,KISO,0
2023-05-02T21:17:00Z,Fraguita Tank,none,0
2023-05-03T22:00:00Z,Upper Tank,RACA,0
2023-05-03T23:09:00Z,Border Tank,RACA,0
2023-05-03T23:49:00Z,Canelo Tank,RACA,0
2023-05-04T10:30:00Z,Canelo Springs Ranch,"RACA, KISO",0
2023-05-04T12:10:00Z,Woodchopper Tank,RACA,0
2023-05-04T19:56:00Z,Post Canyon,RACA,0
2023-05-04T20:57:00Z,McDaniel Well Tank,none,0
2023-05-04T21:23:00Z,Finley Tank,none,0
2023-05-04T21:46:00Z,Bald Hill Tank,RACH,0
2023-05-04T22:00:00Z,Antelope Tank,RACH,0
2023-05-04T22:45:00Z,Tellas Tank,RACH,0
2023-05-05T15:37:00Z,Empire Well W.P.,none,0
2023-05-05T17:17:00Z,Cinco Well W.P.,none,0
2023-05-05T18:20:00Z,Bill's W.P,none,0
2023-05-05T20:01:00Z,Headwaters,"RACH, RAYA",0
2023-05-09T14:15:00Z,Border Tank,RACA,0
2023-05-09T19:50:00Z,Middle Canyon Spring,none,0
2023-05-09T20:50:00Z,Middle Canyon Tank,none,0
2023-05-09T21:46:00Z,Pauline Tank,RACA,0
2023-05-10T09:45:00Z,Border Tank,RACA,0
2023-05-10T20:00:00Z,Woodchopper Tank,"RACA, AMTI",0
2023-05-10T21:11:00Z,Upper Tank,none,0
2023-05-10T21:32:00Z,Border Tank,RACA,0
2023-05-10T22:57:00Z,Canelo Tank,none,0
2023-05-11T19:50:00Z,Pump Canyon,Rana sp.,0
2023-05-11T20:57:00Z,Mattie Canyon,"RAYA, Rana sp.",0
2023-05-16T12:16:00Z,Ruby Lakes,KISO,0
2023-05-16T13:35:00Z,Papago Tanks,none,0
2023-05-16T15:11:00Z,Austerlitz Tank,KISO,0
2023-05-16T15:30:00Z,Japanese Tank,KISO,0
2023-05-16T15:58:00Z,Cemetery Tank,none,0
2023-05-16T16:51:00Z,Arivaca Tank,none,0
2023-05-16T17:39:00Z,Side Pocket Tank,none,0
2023-05-16T19:27:00Z,Little Tank,none,0
2023-05-16T22:18:00Z,Sierra Bonita Tank,none,0
2023-05-17T13:00:00Z,Jelk's Pond,RACA,0
2023-05-17T13:22:00Z,Jelk's Creek,RACA,0
2023-05-17T16:07:00Z,"TNC, Lower",RACA,0
2023-05-17T17:11:00Z,"TNC, Upper",none,0
2023-05-17T20:05:00Z,Coldspring,"RACH, RAYA, Rana sp., KISO",0
2023-05-18T20:00:00Z,Lower ODonell Creek,none,0
2023-05-18T21:09:00Z,"TNC, Lower",RACA,0
2023-05-18T21:30:00Z,"TNC, Upper",none,0
2023-05-18T22:06:00Z,Jelk's Pond,none,0
2023-05-18T22:14:00Z,Jelk's Creek,RACA,0
2023-05-23T12:08:00Z,Home Tank,none,0
2023-05-23T20:11:00Z,"Turkey Creek, Canelo Project",RACA,0
2023-05-23T21:20:00Z,Jelk's Pond,none,0
2023-05-23T21:32:00Z,Jelk's Creek,none,0
2023-05-23T21:56:00Z,Spartacus Pond,none,0
2023-05-31T20:03:00Z,Pyeatt Tank,none,0
2023-05-31T20:43:00Z,"Turkey Creek, Canelo Project",none,0
2023-06-01T20:30:00Z,Post Canyon,"RACH, HYAR, KISO",0
2023-06-01T21:32:00Z,McDaniel Well Tank,RACA,0
2023-06-01T22:35:00Z,Finley Tank,RACA,0
2023-06-01T23:23:00Z,Tellas Tank,RACH,0
2023-06-06T20:15:00Z,Springwater Wetland,RACH,0
2023-06-06T21:11:00Z,Heart Wetlands,"RACH, RAYA",0
2023-06-06T21:20:00Z,Crescent Wetlands,none,0
2023-06-06T21:29:00Z,Egret Wetlands,none,0
2023-06-06T21:49:00Z,Empire Gulch Spring,none,0
2023-06-06T22:34:00Z,Road Canyon W.P.,none,0
2023-06-06T22:58:00Z,Cottonwood W.P.,RACH,0
2023-06-06T23:19:00Z,Maternity Well W.P.,none,0
2023-06-07T20:00:00Z,Lower ODonell Creek,RACA,0
2023-06-07T21:27:00Z,"TNC, Upper",RACA,0
2023-06-07T22:00:00Z,"TNC, Lower",RACA,0
2023-06-08T20:26:00Z,Cinco Well W.P.,none,0
2023-06-08T20:51:00Z,Gaucho W.P.,RACH,0
2023-06-08T21:19:00Z,Bill's W.P,none,0
2023-06-08T21:45:00Z,Karen's Tank,BUAL,1
2023-06-08T22:18:00Z,Empire Well W.P.,"RACH, TH??",0
2023-06-13T16:30:00Z,Babacomari House Pond,RACA,0
2023-06-13T16:50:00Z,Drainage Pond,RACA,0
2023-06-13T20:16:00Z,Lower ODonell Creek,none,0
2023-06-13T21:44:00Z,"TNC, Lower",none,0
2023-06-14T17:00:00Z,Agua Cercada Tank,none,0
2023-06-14T20:25:00Z,Jelk's Pond,none,0
2023-06-14T20:34:00Z,Jelk's Creek,RACA,0
2023-06-14T21:19:00Z,"TNC, Upper",none,0
2023-06-15T20:24:00Z,Lower Empire Gulch,"RACH, RAYA, Rana sp.",0
2023-06-15T20:36:00Z,McDaniel Well Tank,none,0
2023-06-15T21:06:00Z,Finley Tank,RACA,0
2023-06-20T21:41:00Z,Cemetery Tank,"BUAL, BUPU",1
2023-06-20T22:22:00Z,Chulo Tank,"RACH, RACA",0
2023-06-21T14:20:00Z,Chulo Tank,"RACH, RACA",0
2023-06-21T17:04:00Z,Coches Tank,RACH,0
2023-06-21T18:09:00Z,Frog Tank,RACH,0
2023-06-21T20:31:00Z,Watergate Tank,HYAR,0
2023-06-21T21:15:00Z,False Tank,BUPU,0
2023-06-28T23:45:00Z,Alamito Tank,RACH,0
2023-06-29T00:40:00Z,Agua Cercada Tank,RACH,0
2023-06-29T17:28:00Z,Jelk's Creek,none,0
2023-06-29T18:30:00Z,Border Tank,RACA,0
2023-06-29T19:06:00Z,Canelo Tank,RACA,0
2023-06-29T20:35:00Z,"TNC, Lower",none,0
2023-06-29T20:35:00Z,"TNC, Upper",RACA,0
2023-06-29T22:12:00Z,Jelk's Pond,none,0
2023-06-29T22:23:00Z,Jelk's Creek,RACA,0
2023-07-05T16:42:00Z,Jack Daniels Dam,KISO,0
2023-07-05T17:59:00Z,Mustang Dam,none,0
2023-07-05T18:52:00Z,BZ 10,none,0
2023-07-05T20:52:00Z,Hospital Tank,RACH,0
2023-07-05T22:10:00Z,Cinco Well W.P.,RACH,0
2023-07-06T15:45:00Z,Border Tank,RACA,0
2023-07-06T20:42:00Z,"TNC, Lower",none,0
2023-07-06T20:42:00Z,"TNC, Upper",none,0
2023-07-06T21:53:00Z,Jelk's Creek,none,0
2023-07-06T21:53:00Z,Jelk's Pond,none,0
2023-07-11T16:00:00Z,Maternity Well W.P.,RACH,0
2023-07-11T16:55:00Z,BZ 2,none,0
2023-07-11T17:15:00Z,Beck Tank,none,0
2023-07-11T17:41:00Z,Johnson Tank,none,0
2023-07-11T18:25:00Z,Home Tank,none,0
2023-07-11T20:22:00Z,Lower ODonell Creek,RACA,0
2023-07-11T21:28:00Z,"TNC, Lower",none,0
2023-07-11T21:28:00Z,"TNC, Upper",RACA,0
2023-07-12T16:42:00Z,Fish Tank,none,0
2023-07-12T18:05:00Z,Middle Canyon Tank,none,0
2023-07-12T19:01:00Z,Pauline Tank,none,0
2023-07-12T20:26:00Z,"Turkey Creek, Canelo Project",RACA,0
2023-07-12T21:38:00Z,Jelk's Pond,RACA,0
2023-07-12T21:55:00Z,Jelk's Creek,RACA,0
2023-07-13T21:20:00Z,Mineral Lake,BUAL,1
2023-07-13T22:06:00Z,Town Lake,none,0
2023-07-18T18:02:00Z,Muleshoe Tank,none,0
2023-07-18T18:28:00Z,Double Tank,none,0
2023-07-18T18:54:00Z,Cemetery Tank,none,0
2023-07-18T20:51:00Z,Papago Tanks,BUAL,1
2023-07-18T21:35:00Z,Ruby Lakes,none,0
2023-07-18T22:37:00Z,Corner Tank,none,0
2023-07-18T23:17:00Z,Arrastra Tank,"HYAR, BUPU, GAOL",0
2023-07-18T23:54:00Z,Fraguita Tank,BUAL,1
2023-07-19T00:12:00Z,Side Pocket Tank,BUAL,1
2023-07-19T00:56:00Z,Chilton Tank,BUAL,1
2023-07-19T01:12:00Z,Arivaca Tank,BUAL,1
2023-07-19T17:26:00Z,Jelk's Pond,KISO,0
2023-07-19T17:40:00Z,Jelk's Creek,RACA,0
2023-07-19T20:28:00Z,Jelk's Creek,RACA,0
2023-07-19T20:28:00Z,Jelk's Pond,none,0
2023-07-19T21:42:00Z,"TNC, Lower",none,0
2023-07-19T21:42:00Z,"TNC, Upper",RACA,0
2023-07-20T15:40:00Z,Cinco Well W.P.,RACH,0
2023-07-20T16:47:00Z,Empire Well W.P.,"THEQ, RACH",0
2023-07-20T20:35:00Z,Clyne Pond,RACH,0
2023-07-20T22:33:00Z,Cottonwood W.P.,RACH,0
2023-07-25T15:44:00Z,Border Tank,RACA,0
2023-07-25T16:01:00Z,Canelo Tank,RACA,0
2023-07-25T16:15:00Z,Fish Tank,none,0
2023-07-25T17:04:00Z,Pauline Tank,none,0
2023-07-25T18:34:00Z,Middle Canyon Tank,none,0
2023-07-25T20:18:00Z,"Turkey Creek, Canelo Project",RACA,0
2023-07-25T20:25:00Z,Jelk's Pond,RACA,0
2023-07-25T20:46:00Z,Jelk's Creek,RACA,0
2023-07-26T15:39:00Z,Japanese Tank,KISO,0
2023-07-26T16:15:00Z,Austerlitz Tank,none,0
2023-07-26T20:20:00Z,Holding tank,none,0
2023-07-26T21:00:00Z,Horse Tank,RACH,0
2023-07-26T22:11:00Z,Chulo Tank,"RACH, RACA",0
2023-07-27T00:30:00Z,Cemetery Tank,RACA,0
2023-07-28T20:40:00Z,Chulo Tank,"RACA, RACH",0
2023-08-01T14:13:00Z,Chilton Tank,KISO,0
2023-08-01T14:32:00Z,Arivaca Tank,KISO,0
2023-08-01T15:12:00Z,Muleshoe Tank,none,0
2023-08-01T15:37:00Z,Dead Cow Tank,RACA,0
2023-08-01T16:04:00Z,Border Tank,none,0
2023-08-01T16:15:00Z,Austerlitz Tank,KISO,0
2023-08-01T16:25:00Z,Juan Tank,KISO,0
2023-08-01T17:40:00Z,Japanese Tank,none,0
2023-08-01T18:40:00Z,Corner Tank,none,0
2023-08-01T20:20:00Z,Cemetery Tank,BUAL,1
2023-08-02T16:50:00Z,Jelk's Pond,KISO,0
2023-08-02T17:02:00Z,Jelk's Creek,KISO,0
2023-08-02T20:15:00Z,Lower ODonell Creek,RACA,0
2023-08-02T21:07:00Z,"TNC, Lower",none,0
2023-08-02T21:11:00Z,"TNC, Upper",none,0
2023-08-03T17:06:00Z,Sawtelle Tank,"HYWR, ????",0
2023-08-03T17:41:00Z,Becker's Folly Tank,none,0
2023-08-03T18:22:00Z,Fritz Tank,RACA,0
2023-08-03T20:20:00Z,"TNC, Lower",none,0
2023-08-03T20:20:00Z,"TNC, Upper",RACA,0
2023-08-03T21:26:00Z,Jelk's Creek,none,0
2023-08-03T21:26:00Z,Jelk's Pond,none,0
2023-08-08T20:20:00Z,Headwaters,"RACH, TH??",0
2023-08-09T15:51:00Z,Canelo Springs Ranch,RACA,0
2023-08-09T20:30:00Z,"Turkey Creek, Fire Station to Canelo Project",RACA,0
2023-08-10T20:13:00Z,Coldspring,"RACH, RAYA, RA??",0
2023-08-10T20:13:00Z,Pump Canyon,RAYA,0
2023-08-15T20:22:00Z,Springwater Wetland,RACH,0
2023-08-15T21:28:00Z,Lower Empire Gulch,"RACH, RAYA, RA??, KISO",0
2023-08-15T22:49:00Z,Heart Wetlands,RACH,0
2023-08-15T23:01:00Z,Crescent Wetlands,RACH,0
2023-08-15T23:16:00Z,Egret Wetlands,RACH,0
2023-08-15T23:28:00Z,Karen's Tank,none,0
2023-08-16T16:40:00Z,Jack Daniels Dam,"RACA, KISO",0
2023-08-16T18:30:00Z,Mustang Dam,none,0
2023-08-16T19:40:00Z,Clyne Spring,RACH,0
2023-08-16T19:49:00Z,Clyne Pond,RACH,0
2023-08-16T20:20:00Z,Hospital Tank,RACH,0
2023-08-16T21:10:00Z,Jack Daniels Dam,RACA,0
2023-08-16T22:35:00Z,Empire Well W.P.,RACH,0
2023-08-17T19:55:00Z,Cinco Well W.P.,RACH,0
2023-08-17T20:27:00Z,Gaucho W.P.,RACH,0
2023-08-17T20:39:00Z,Cottonwood W.P.,RACH,0
2023-08-17T21:14:00Z,Bill's W.P,RACH,0
2023-08-22T15:57:00Z,Agua Cercada Tank,"RACH, THCY",0
2023-08-22T17:08:00Z,Alamito Tank,RACH,0
2023-08-22T17:53:00Z,Frog Tank,RACH,0
2023-08-22T18:17:00Z,Teacup Tank,RACH,0
2023-08-22T18:37:00Z,Jarillas Tank,RACH,0
2023-08-22T20:17:00Z,Chulo Tank,RACH,0
2023-08-22T21:00:00Z,Cemetery Tank,BUAL,1
2023-08-22T21:57:00Z,Arivaca Tank,BUAL,1
2023-08-23T12:58:00Z,Bathtub Tank,none,0
2023-08-23T13:58:00Z,Mesa Tanks,none,0
2023-08-23T14:21:00Z,Crappie Tank,none,0
2023-08-23T15:15:00Z,Hog Tank,KISO,0
2023-08-23T15:50:00Z,Dynamite Tank,none,0
2023-08-23T16:33:00Z,Canyon Tank,none,0
2023-08-23T19:38:00Z,Sycamore Grove Tank,"RACH, RA??",0
2023-08-23T20:02:00Z,Empire Gulch Spring,"RACH, SCCO",0
2023-08-23T20:39:00Z,Maternity Well W.P.,RACH,0
2023-08-24T14:25:00Z,Road Canyon W.P.,none,0
2023-08-24T15:31:00Z,Fish Tank,KISO,0
2023-08-24T16:53:00Z,Middle Canyon Tank,none,0
2023-08-24T17:32:00Z,Pauline Tank,none,0
2023-08-24T19:46:00Z,"TNC, Lower",none,0
2023-08-24T19:46:00Z,"TNC, Upper",none,0
2023-08-24T20:33:00Z,Jelk's Pond,none,0
2023-08-24T20:41:00Z,Jelk's Creek,none,0
2023-08-29T18:00:00Z,Corner Tank,none,0
2023-08-29T18:30:00Z,Ruby Lakes,none,0
2023-08-29T19:40:00Z,Papago Tanks,none,0
2023-08-29T20:28:00Z,Japanese Tank,none,0
2023-08-29T20:43:00Z,Austerlitz Tank,none,0
2023-08-29T21:14:00Z,Dead Cow Tank,"RACA, BUAL",1
2023-09-06T13:59:00Z,Cemetery Tank,none,0
2023-09-06T14:38:00Z,Double Tank,none,0
2023-09-06T14:55:00Z,Arrastra Tank,none,0
2023-09-06T15:42:00Z,Side Pocket Tank,none,0
2023-09-06T15:54:00Z,Muleshoe Tank,none,0
2023-09-06T16:35:00Z,Alamo Tank,RACH,0
2023-09-06T19:45:00Z,Jarillas Tank,RACH,0
2023-09-06T21:36:00Z,Coches Tank,"RACH, SPMU",0
2023-09-06T21:45:00Z,Agua Cercada Tank,RACH,0
2023-09-06T22:40:00Z,Alamito Tank,RACH,0
2023-09-07T04:42:00Z,Fraguita Tank,none,0
2023-09-07T16:10:00Z,Middle Canyon Tank,none,0
2023-09-07T16:24:00Z,Middle Canyon Spring,HYAR,0
2023-09-07T18:13:00Z,Pauline Tank,none,0
2023-09-07T19:20:00Z,Pyeatt Tank,none,0
2023-09-07T19:38:00Z,Post Canyon,"RACH, KISO",0
2023-09-07T20:10:00Z,"TNC, Lower",none,0
2023-09-07T20:10:00Z,"TNC, Upper",none,0
2023-09-07T20:25:00Z,McDaniel Well Tank,none,0
2023-09-07T20:58:00Z,Finley Tank,RACA,0
2023-09-07T21:21:00Z,Tellas Tank,RACH,0
2023-09-07T22:40:00Z,Alamito Tank,RACH,0
2023-09-12T15:23:00Z,Canelo Tank,RACA,0
2023-09-12T19:22:00Z,Woodchopper Tank,"RACA, THCY",0
2023-09-12T20:58:00Z,Border Tank,RACA,0
2023-09-12T22:00:00Z,Canelo Tank,RACA,0
2023-09-12T22:51:00Z,Little Outfit Tank,RACA,0
2023-09-13T10:00:00Z,Little Outfit Tank,RACA,0
2023-09-13T13:52:00Z,Beck Tank,none,0
2023-09-13T15:09:00Z,Border Tank,RACA,0
2023-09-13T18:05:00Z,Canelo Tank,RACA,0
2023-09-13T19:26:00Z,Little Outfit Tank,RACA,0
2023-09-13T20:04:00Z,Canelo Tank,RACA,0
2023-09-13T20:45:00Z,Border Tank,RACA,0
2023-09-13T21:31:00Z,Woodchopper Tank,none,0
2023-09-14T13:36:00Z,Canelo Tank,RACA,0
2023-09-14T14:31:00Z,Unnamed Tank,RACA,0
2023-09-14T15:35:00Z,Little Outfit Tank,RACA,0
2023-09-14T20:41:00Z,Jelk's Pond,RACA,0
2023-09-14T20:53:00Z,Jelk's Creek,none,0
2023-09-14T21:22:00Z,"TNC, Lower",none,0
2023-09-14T21:22:00Z,"TNC, Upper",none,0
2023-09-19T21:07:00Z,Little Tank,none,0
2023-09-20T19:24:00Z,Little Outfit Tank,RACA,0
2023-09-20T19:25:00Z,Canelo Tank,none,0
2023-09-26T13:50:00Z,Double Tank,none,0
2023-09-26T14:23:00Z,Fish Tank,none,0
2023-09-26T14:50:00Z,Canelo Tank,none,0
2023-09-26T15:15:00Z,Little Outfit Tank,RACA,0
2023-09-26T15:35:00Z,Border Tank,none,0
2023-09-26T16:02:00Z,Woodchopper Tank,none,0
2023-09-26T16:37:00Z,Upper Tank,none,0
2023-09-26T19:00:00Z,Little Outfit Tank,RACA,0
2023-09-26T19:26:00Z,Border Tank,RACA,0
2023-09-27T12:58:00Z,Horse Tank,"RACH, THCY",0
2023-09-27T13:34:00Z,Holding tank,"RACH, THCY, KISO",0
2023-09-27T14:40:00Z,Heifer Tank,RACH,0
2023-09-27T16:23:00Z,Yellowjacket Tank,none,0
2023-09-27T17:06:00Z,Ostrich Tank,RACH,0
2023-09-27T17:32:00Z,Chulo Tank,RACH,0
2023-09-27T19:30:00Z,Cemetery Tank,none,0
2023-09-27T19:53:00Z,Corner Tank,none,0
2023-09-27T20:33:00Z,Palomas Tank,none,0
2023-09-27T21:07:00Z,Rattlesnake Canyon Pool,none,0
2023-09-27T21:20:00Z,Austerlitz Mine,none,0
2023-09-27T21:43:00Z,Austerlitz Tank,none,0
2023-09-27T22:04:00Z,Japanese Tank,none,0
2023-09-27T22:31:00Z,Margarita Tank,none,0
2023-09-28T09:43:00Z,Ruby Lakes,"KISO, TRSC",0
2023-10-03T15:26:00Z,Fritz Tank,KISO,0
2023-10-03T16:30:00Z,Becker's Folly Tank,none,0
2023-10-03T17:07:00Z,Sawtelle Tank,none,0
2023-10-03T19:10:00Z,Border Tank,RACA,0
2023-10-03T19:12:00Z,Little Outfit Tank,RACA,0
2023-10-03T20:22:00Z,Spartacus Pond,none,0
2023-10-03T20:30:00Z,Jelk's Creek,RACA,0
2023-10-03T21:01:00Z,Jelk's Pond,none,0
2023-10-03T21:32:00Z,"TNC, Lower",none,0
2023-10-03T21:33:00Z,"TNC, Upper",none,0
2023-10-04T16:06:00Z,Jack Daniels Dam,KISO,0
2023-10-04T16:26:00Z,Dry Jack Tank,none,0
2023-10-04T16:43:00Z,Little Jack Daniels Tank,none,0
2023-10-04T19:08:00Z,Mustang Dam,BUPU,0
2023-10-04T20:05:00Z,BZ 10,none,0
2023-10-04T20:32:00Z,BZ 11,none,0
2023-10-10T14:19:00Z,Little Outfit Tank,RACA,0
2023-10-10T16:57:00Z,Border Tank,RACA,0
2023-10-10T19:00:00Z,Headwaters,"RACH, RAYA",0
2023-10-11T18:58:00Z,Coldspring,"RACH, RAYA, RA??",0
2023-10-11T18:58:00Z,Pump Canyon,"RAYA, RA??",0
2023-10-12T18:47:00Z,Road Canyon W.P.,none,0
2023-10-12T19:28:00Z,Cinco Well W.P.,RACH,0
2023-10-12T20:14:00Z,Gaucho W.P.,RACH,0
2023-10-12T20:31:00Z,Cottonwood W.P.,RACH,0
2023-10-12T20:37:00Z,Maternity Well W.P.,RACH,0
2023-10-12T21:05:00Z,Bill's W.P,RACH,0
2023-10-12T21:54:00Z,Empire Well W.P.,RACH,0
2023-10-17T14:14:00Z,Little Outfit Tank,RACA,0
2023-10-17T18:40:00Z,Border Tank,none,0
2023-10-17T18:45:00Z,Little Outfit Tank,RACA,0
2023-10-17T20:25:00Z,Bald Hill Tank,RACH,0
2023-10-17T20:47:00Z,Antelope Tank,RACH,0
2023-10-17T21:09:00Z,Finley Tank,none,0
2023-10-17T21:37:00Z,McDaniel Well Tank,none,0
2023-10-17T22:17:00Z,Tellas Tank,RACH,0
2023-10-18T18:45:00Z,Lower ODonell Creek,none,0
2023-10-18T19:01:00Z,"TNC, Lower",none,0
2023-10-18T19:23:00Z,"TNC, Upper",none,0
2023-10-18T20:05:00Z,Jelk's Pond,none,0
2023-10-18T20:16:00Z,Jelk's Creek,none,0
2023-10-19T15:51:00Z,"Canelo Springs Ranch, stream section",RACA,0
2023-10-19T16:19:00Z,"Canelo Springs Ranch, Pond 2",RACA,0
2023-10-19T16:30:00Z,"Canelo Springs Ranch, Pond 1","RACA, KISO",0
2023-10-19T16:45:00Z,"Canelo Springs Ranch, Pond 4",RACA,0
2023-10-19T16:55:00Z,"Canelo Springs Ranch, Pond 3",RACA,0
2023-10-19T18:42:00Z,Springwater Wetland,RACH,0
2023-10-19T19:35:00Z,Lower Empire Gulch,"RACH, RAYA",0
2023-10-19T20:36:00Z,Heart Wetlands,RACH,0
2023-10-19T20:45:00Z,Crescent Wetlands,RACH,0
2023-10-19T20:52:00Z,Egret Wetlands,RACH,0
2023-10-20T09:40:00Z,Double Reed Tank,none,0
2023-10-20T09:51:00Z,Section 17-18 Tank,none,0
2023-10-20T10:10:00Z,Eddie #2 Tank,none,0
2023-10-20T10:34:00Z,Leslie Tank,"RACA, AMTI",0
2023-10-20T11:35:00Z,Dove Tank,none,0
2023-10-20T12:37:00Z,Cow Bones Tank,none,0
2023-10-25T12:32:00Z,Cloud Tank,none,0
2023-10-25T12:42:00Z,Coches Tank,RACH,0
2023-10-25T13:03:00Z,False Tank,KISO,0
2023-10-25T13:35:00Z,Coches Well,none,0
2023-10-25T13:40:00Z,Watergate Tank,KISO,0
2023-10-25T14:20:00Z,Alamito Tank,"RACH, KISO",0
2023-10-25T15:10:00Z,Bull Tank,none,0
2023-10-25T15:34:00Z,Encinas Tank,none,0
2023-10-25T16:26:00Z,Frog Tank,none,0
2023-10-25T17:28:00Z,Teacup Tank,none,0
2023-10-25T18:14:00Z,Alamo Tank,RACH,0
2023-10-25T18:32:00Z,Mojonera Tank,RACH,0
2023-10-25T18:43:00Z,Jarillas Tank,RACH,0
2023-10-25T19:17:00Z,Frog Tank,RACH,0
2023-10-25T20:27:00Z,Agua Cercada Tank,RACH,0
2023-10-26T11:38:00Z,Dead Cow Tank,none,0
2023-10-26T11:42:00Z,Chilton Tank,KISO,0
2023-10-26T12:14:00Z,Arivaca Tank,KISO,0
2023-10-26T12:30:00Z,Loading Tank,KISO,0
2023-10-26T12:54:00Z,Side Pocket Tank,none,0
2023-10-26T13:15:00Z,Fraguita Tank,none,0
2023-10-26T13:46:00Z,Arrastra Tank,none,0
2023-10-26T18:50:00Z,Mineral Lake,none,0
2023-10-26T19:45:00Z,Town Lake,none,0
2023-10-27T15:50:00Z,Bill Woods Tank,"RACA, AMTI",0
2023-10-27T16:20:00Z,Jack Tank,none,0
2023-10-27T16:35:00Z,Rosemary Tank,RACA,0
2023-11-01T17:37:00Z,Little Tank,RACH,0
2023-11-01T18:44:00Z,Sierra Bonita Tank,"RACH, KISO",0
2023-11-02T19:06:00Z,Empire Gulch Spring,RACH,0
2024-03-06T20:07:00Z,Chulo Tank,none,0
2024-03-06T20:56:00Z,Ostrich Tank,none,0
2024-03-06T21:45:00Z,Arrastra Tank,none,0
2024-03-06T22:17:00Z,Fraguita Tank,none,0
2024-03-06T22:40:00Z,Side Pocket Tank,none,0
2024-03-06T22:53:00Z,Muleshoe Tank,none,0
2024-03-06T23:41:00Z,Chilton Tank,none,0
2024-03-06T23:59:00Z,Arivaca Tank,none,0
2024-03-07T01:16:00Z,Cemetery Tank,none,0
2024-03-07T12:49:00Z,Jarillas Tank,none,0
2024-03-12T19:21:00Z,Woodchopper Tank,none,0
2024-03-12T19:50:00Z,Upper Tank,none,0
2024-03-12T20:12:00Z,Border Tank,none,0
2024-03-12T20:26:00Z,Little Outfit Tank,none,0
2024-03-12T20:39:00Z,Canelo Tank,none,0
2024-03-12T21:07:00Z,Jelk's Creek,none,0
2024-03-12T21:23:00Z,Jelk's Pond,none,0
2024-03-13T21:54:00Z,Section 7,RACA,0
2024-03-14T19:39:00Z,Section 11,RACA,0
2024-03-14T20:42:00Z,Section 13,RACA,0
2024-03-19T15:10:00Z,Fish Tank,none,0
2024-03-19T15:35:00Z,Double Tank,none,0
2024-03-19T16:47:00Z,Pauline Tank,none,0
2024-03-19T17:22:00Z,Middle Canyon Tank,none,0
2024-03-19T19:34:00Z,"Turkey Creek, Canelo Project",none,0
2024-03-19T21:21:00Z,"TNC, Lower",none,0
2024-03-19T21:22:00Z,"TNC, Upper",none,0
2024-03-20T14:45:00Z,Road Canyon W.P.,none,0
2024-03-20T17:20:00Z,Empire Gulch Spring,none,0
2024-03-20T19:23:00Z,Cinco Well W.P.,none,0
2024-03-20T19:52:00Z,Gaucho W.P.,none,0
2024-03-20T20:03:00Z,Cottonwood W.P.,none,0
2024-03-20T20:29:00Z,Bill's W.P,none,0
2024-03-20T21:13:00Z,Empire Well W.P.,none,0
2024-03-20T21:48:00Z,Maternity Well W.P.,none,0
2024-03-21T12:29:00Z,Dead Cow Tank,RACA,0
2024-03-21T13:01:00Z,Border Tank,none,0
2024-03-21T13:28:00Z,Juan Tank,none,0
2024-03-21T14:00:00Z,Papago Tanks,KISO,0
2024-03-21T19:23:00Z,Mojonera Tank,RACH,0
2024-03-21T20:44:00Z,Agua Cercada Tank,none,0
2024-03-21T21:45:00Z,Yellow Jacket Tank,none,0
2024-03-21T22:52:00Z,Frog Tank,none,0
2024-03-26T13:22:00Z,False Tank,none,0
2024-03-26T14:21:00Z,Watergate Tank,KISO,0
2024-03-26T15:48:00Z,Cloud Tank,none,0
2024-03-26T17:01:00Z,Heifer Tank,none,0
2024-03-26T20:23:00Z,Coches Tank,none,0
2024-03-26T21:06:00Z,Coches Well,none,0
2024-03-26T21:45:00Z,Alamito Tank,none,0
2024-03-26T22:27:00Z,Bull Tank,none,0
2024-03-27T10:31:00Z,Cemetery Tank,none,0
2024-03-27T12:44:00Z,Corner Tank,none,0
2024-03-27T13:09:00Z,Austerlitz Tank,none,0
2024-03-27T13:25:00Z,Dart Tank,none,0
2024-03-27T13:44:00Z,Japanese Tank,none,0
2024-03-27T14:35:00Z,Palomas Tank,none,0
2024-03-27T17:31:00Z,Loading Tank,KISO,0
2024-03-27T19:32:00Z,Papago Tanks,none,0
2024-03-27T20:55:00Z,Ruby Lakes,none,0
2024-03-28T12:39:00Z,Johnson Tank,none,0
2024-03-28T13:23:00Z,Home Tank,none,0
2024-03-28T13:49:00Z,Beck Tank,none,0
2024-03-28T14:07:00Z,BZ 2,none,0
2024-03-28T14:52:00Z,Mustang Dam,none,0
2024-03-28T16:46:00Z,Jack Daniels Dam,none,0
2024-03-28T19:24:00Z,Springwater Wetland,RACH,0
2024-03-28T20:03:00Z,Lower Empire Gulch,"RACH, RAYA, RAsp, KISO",0
2024-03-28T21:04:00Z,Heart Wetlands,none,0
2024-03-28T21:12:00Z,Crescent Wetlands,none,0
2024-03-28T21:18:00Z,Egret Wetlands,none,0
2024-03-28T21:53:00Z,Karen's Tank,none,0
2024-04-02T14:16:00Z,Hospital Tank,none,0
2024-04-02T15:17:00Z,McNalley Tank,none,0
2024-04-02T15:55:00Z,State Tank,none,0
2024-04-02T16:13:00Z,Sues Pond,none,0
2024-04-02T16:39:00Z,Clyne Pond,none,0
2024-04-02T19:42:00Z,Coldspring,none,0
2024-04-02T19:42:00Z,Pump Canyon,KISO,0
2024-04-03T13:40:00Z,Horse Tank,none,0
2024-04-03T14:27:00Z,Holding tank,none,0
2024-04-03T16:45:00Z,Alamo Tank,KISO,0
2024-04-03T19:44:00Z,Sierra Bonita Tank,RACH,0
2024-04-03T20:56:00Z,Little Tank,none,0
2024-04-04T15:58:00Z,Upper Lower Empire Gulch,none,0
2024-04-04T19:26:00Z,Headwaters,"RACH, KISO",0
2024-04-09T13:15:00Z,Sawtelle Tank,none,0
2024-04-09T13:53:00Z,Becker's Folly Tank,none,0
2024-04-09T14:28:00Z,Fritz Tank,none,0
2024-04-09T16:40:00Z,Harkey Tank,none,0
2024-04-10T19:40:00Z,Section 5,RACA,0
2024-04-10T19:46:00Z,Section 6,RACA,0
2024-04-11T19:43:00Z,Section 6,RACA,0
2024-04-16T10:36:00Z,"Canelo Springs Ranch, Pond 1",none,0
2024-04-16T10:36:00Z,"Canelo Springs Ranch, Pond 2",KISO,0
2024-04-16T10:36:00Z,"Canelo Springs Ranch, Pond 3",none,0
2024-04-16T10:36:00Z,"Canelo Springs Ranch, Pond 4",RACA,0
2024-04-16T10:36:00Z,"Canelo Springs Ranch, stream section",none,0
2024-04-16T11:38:00Z,Border Tank,none,0
2024-04-16T11:57:00Z,Woodchopper Tank,none,0
2024-04-17T19:50:00Z,Lower Empire Gulch,"RACH, RAYA",0
2024-04-18T19:50:00Z,Section 11,RACA,0
2024-04-18T19:55:00Z,Section 6,RACA,0
2024-04-18T20:32:00Z,Section 12,RACA,0
2024-04-23T19:55:00Z,Section 3 House Pond,RACA,0
2024-04-23T19:57:00Z,Section 7,RACA,0
2024-04-23T20:55:00Z,Section 8,RACA,0
2024-04-23T22:47:00Z,Section 4,RACA,0
2024-04-24T19:54:00Z,Section 7,RACA,0
2024-04-24T21:31:00Z,Section 8,"RACA, BUPU",0
2024-04-24T21:34:00Z,Section 3 House Pond,RACA,0
2024-04-25T19:47:00Z,Section 9,RACA,0
2024-04-25T19:49:00Z,Section 4,RACA,0
2024-04-25T19:53:00Z,Section 13,RACA,0
2024-04-30T14:22:00Z,Horse Tank,"RACH, KISO",0
2024-04-30T15:03:00Z,Jarillas Tank,none,0
2024-04-30T16:51:00Z,Frog Tank,none,0
2024-04-30T17:00:00Z,Coches Tank,none,0
2024-04-30T19:50:00Z,Arivaca Tank,none,0
2024-04-30T20:50:00Z,Cemetery Tank,none,0
2024-05-01T21:30:00Z,Woodchopper Tank,none,0
2024-05-01T21:57:00Z,Border Tank,RACA,0
2024-05-01T22:42:00Z,Little Outfit Tank,RACA,0
2024-05-01T23:28:00Z,Canelo Tank,none,0
2024-05-01T23:50:00Z,Jelk's Creek,none,0
2024-05-02T00:07:00Z,Jelk's Pond,none,0
2024-05-07T20:06:00Z,Section 7,RACA,0
2024-05-07T20:15:00Z,Section 6,RACA,0
2024-05-07T20:34:00Z,Section 1,RACA,0
2024-05-08T20:03:00Z,Section 15,RACA,0
2024-05-08T20:06:00Z,Section 16,RACA,0
2024-05-08T20:17:00Z,Section 3 House Pond,RACA,0
2024-05-08T20:50:00Z,Section 14,RACA,0
2024-05-08T22:25:00Z,Section 13,RACA,0
2024-05-09T19:55:00Z,Section 5,RACA,0
2024-05-09T19:56:00Z,Section 1,RACA,0
2024-05-09T20:18:00Z,Section 2,RACA,0
2024-05-09T20:44:00Z,Section 6,RACA,0
2024-05-14T19:51:00Z,Chilton Tank,KISO,0
2024-05-14T20:07:00Z,Section 7,RACA,0
2024-05-14T20:11:00Z,Section 6,RACA,0
2024-05-14T20:13:00Z,Arivaca Tank,none,0
2024-05-14T20:19:00Z,Section 4,"RACA, KISO",0
2024-05-14T20:43:00Z,Section 11,RACA,0
2024-05-14T21:28:00Z,Section 5,RACA,0
2024-05-14T21:38:00Z,Agua Cercada Tank,BUPU,0
2024-05-14T22:36:00Z,Mojonera Tank,RACH,0
2024-05-15T09:36:00Z,Alamito Tank,KISO,0
2024-05-15T10:21:00Z,Bull Tank,none,0
2024-05-15T11:42:00Z,Heifer Tank,none,0
2024-05-15T13:42:00Z,False Tank,none,0
2024-05-15T14:46:00Z,Watergate Tank,KISO,0
2024-05-15T16:20:00Z,Holding tank,none,0
2024-05-15T19:59:00Z,Section 7,RACA,0
2024-05-15T20:00:00Z,Muleshoe Tank,none,0
2024-05-15T20:00:00Z,Section 13,RACA,0
2024-05-15T20:07:00Z,Section 2,RACA,0
2024-05-15T20:17:00Z,Side Pocket Tank,none,0
2024-05-15T20:23:00Z,Section 1,RACA,0
2024-05-15T20:43:00Z,Fraguita Tank,BUPU,0
2024-05-15T20:49:00Z,Section 12,RACA,0
2024-05-15T21:07:00Z,Section 3 House Pond,RACA,0
2024-05-15T21:15:00Z,Arrastra Tank,none,0
2024-05-15T21:56:00Z,Dead Cow Tank,none,0
2024-05-15T22:01:00Z,Section 4,RACA,0
2024-05-15T22:26:00Z,Cemetery Tank,none,0
2024-05-15T22:58:00Z,Section 5,RACA,0
2024-05-16T10:44:00Z,Chulo Tank,RACH,0
2024-05-16T11:43:00Z,Corner Tank,none,0
2024-05-16T12:17:00Z,Palomas Tank,none,0
2024-05-16T12:53:00Z,Rattlesnake Canyon Pool,none,0
2024-05-16T13:07:00Z,Austerlitz Tank,none,0
2024-05-16T13:26:00Z,Dart Tank,none,0
2024-05-16T13:45:00Z,Japanese Tank,none,0
2024-05-16T14:47:00Z,Border Tank,none,0
2024-05-16T15:12:00Z,Juan Tank,none,0
2024-05-16T20:00:00Z,Papago Tanks,none,0
2024-05-16T20:08:00Z,Section 2,RACA,0
2024-05-16T20:08:00Z,Section 7,RACA,0
2024-05-16T20:13:00Z,Section 13,RACA,0
2024-05-16T20:18:00Z,Section 1,RACA,0
2024-05-16T20:55:00Z,Ruby Lakes,none,0
2024-05-21T20:02:00Z,Pump Canyon,KISO,0
2024-05-21T20:05:00Z,Section 13,RACA,0
2024-05-21T20:10:00Z,Section 6,RACA,0
2024-05-21T20:10:00Z,Section 8,RACA,0
2024-05-21T20:15:00Z,Section 7,RACA,0
2024-05-21T20:58:00Z,Coldspring,"RAYA, RACH, RAsp",0
2024-05-21T21:35:00Z,Section 5,RACA,0
2024-05-21T21:56:00Z,Section 14,RACA,0
2024-05-21T22:01:00Z,Section 11,RACA,0
2024-05-21T22:30:00Z,Section 2,RACA,0
2024-05-22T13:48:00Z,Little Outfit Tank,RACA,0
2024-05-22T15:01:00Z,Border Tank,none,0
2024-05-22T16:17:00Z,Woodchopper Tank,none,0
2024-05-22T16:53:00Z,Upper Tank,none,0
2024-05-22T17:20:00Z,Canelo Tank,none,0
2024-05-22T20:00:00Z,Lower ODonell Creek,"HYAR, KISO",0
2024-05-22T20:04:00Z,Section 8,RACA,0
2024-05-22T20:06:00Z,Section 1,RACA,0
2024-05-22T20:06:00Z,Section 13,RACA,0
2024-05-22T20:09:00Z,Section 5,RACA,0
2024-05-22T21:00:00Z,"TNC, Lower",none,0
2024-05-22T21:06:00Z,Section 6,RACA,0
2024-05-22T21:06:00Z,Section 9,RACA,0
2024-05-22T21:17:00Z,"TNC, Upper",none,0
2024-05-22T21:34:00Z,Section 12,RACA,0
2024-05-22T22:14:00Z,Jelk's Creek,none,0
2024-05-22T22:17:00Z,Section 11,RACA,0
2024-05-22T22:30:00Z,Jelk's Pond,none,0
2024-05-23T14:25:00Z,Home Tank,none,0
2024-05-23T14:59:00Z,BZ 2,none,0
2024-05-23T15:40:00Z,Jack Daniels Dam,KISO,0
2024-05-23T16:34:00Z,BZ 11,none,0
2024-05-23T17:39:00Z,Mustang Dam,none,0
2024-05-23T20:10:00Z,Section 1,RACA,0
2024-05-23T20:13:00Z,Section 5,RACA,0
2024-05-23T20:15:00Z,Section 6,RACA,0
2024-05-23T20:21:00Z,Mustang Dam,none,0
2024-05-23T21:18:00Z,BZ 10,none,0
2024-05-23T21:51:00Z,Jack Daniels Dam,none,0
2024-05-28T20:15:00Z,Headwaters,"RACH, RAYA, KISO",0
2024-05-28T20:23:00Z,Section 11,RACA,0
2024-05-28T20:35:00Z,Section 5,RACA,0
2024-05-28T20:37:00Z,Section 13,"RACA, KISO",0
2024-05-28T20:52:00Z,Section 1,RACA,0
2024-05-28T21:13:00Z,Section 6,RACA,0
2024-05-28T21:45:00Z,Section 12,RACA,0
2024-05-28T21:48:00Z,Section 14,RACA,0
2024-05-28T22:06:00Z,Section 7,RACA,0
2024-05-28T22:30:00Z,Maternity Well W.P.,RACH,0
2024-05-29T14:20:00Z,Little Outfit Tank,RACA,0
2024-05-29T18:08:00Z,Fish Tank,none,0
2024-05-29T20:18:00Z,Section 3 House Pond,RACA,0
2024-05-29T20:22:00Z,Section 7,RACA,0
2024-05-29T20:29:00Z,Cinco Well W.P.,none,0
2024-05-29T20:29:00Z,Section 1,RACA,0
2024-05-29T21:08:00Z,Springwater Wetland,"RACH, RAsp",0
2024-05-29T21:12:00Z,Gaucho W.P.,RACH,0
2024-05-29T21:40:00Z,Cottonwood W.P.,RACH,0
2024-05-29T21:44:00Z,Section 2,RACA,0
2024-05-29T21:53:00Z,Heart Wetlands,none,0
2024-05-29T22:00:00Z,Crescent Wetlands,none,0
2024-05-29T22:08:00Z,Egret Wetlands,none,0
2024-05-29T22:26:00Z,Lower Empire Gulch,"RACH, RAYA",0
2024-05-29T22:30:00Z,Karen's Tank,none,0
2024-05-29T22:43:00Z,Empire Gulch Spring,none,0
2024-05-29T23:28:00Z,Empire Well W.P.,"RACH, THsp",0
2024-05-30T20:18:00Z,Section 1,RACA,0
2024-05-30T20:18:00Z,Section 13,RACA,0
2024-05-30T20:22:00Z,Section 3 House Pond,RACA,0
2024-05-30T20:23:00Z,Section 8,RACA,0
2024-06-04T11:50:00Z,Twin Ponds,none,0
2024-06-04T12:55:00Z,Sparkplug Wash,RACA,0
2024-06-04T13:40:00Z,Section 4,RACA,0
2024-06-04T13:59:00Z,Section 5,RACA,0
2024-06-04T14:14:00Z,Section 6,RACA,0
2024-06-04T14:58:00Z,Section 7,"RACA, KISO",0
2024-06-04T15:33:00Z,Section 8,RACA,0
2024-06-04T15:55:00Z,Section 9,"RACA, KISO",0
2024-06-04T16:00:00Z,Section 7,RACA,0
2024-06-04T20:27:00Z,Section 3 House Pond,RACA,0
2024-06-04T20:27:00Z,Section 8,RACA,0
2024-06-04T20:29:00Z,Coches Tank,none,0
2024-06-04T20:32:00Z,Section 6,RACA,0
2024-06-04T20:37:00Z,Section 1,RACA,0
2024-06-04T21:20:00Z,Frog Tank,RACH,0
2024-06-04T21:51:00Z,Section 9,RACA,0
2024-06-04T21:58:00Z,Jarillas Tank,RACH,0
2024-06-04T22:16:00Z,Section 5,RACA,0
2024-06-05T10:39:00Z,Section 10,RACA,0
2024-06-05T11:06:00Z,Section 11,RACA,0
2024-06-05T11:22:00Z,Section 12,none,0
2024-06-05T11:41:00Z,Section 13,RACA,0
2024-06-05T11:50:00Z,Section 14,"RACA, KISO",0
2024-06-05T12:29:00Z,Section 15,RACA,0
2024-06-05T13:50:00Z,Little Outfit Tank,RACA,0
2024-06-05T17:28:00Z,Middle Canyon Tank,none,0
2024-06-05T18:12:00Z,Pauline Tank,none,0
2024-06-05T20:08:00Z,"Turkey Creek, Canelo Project",RACA,0
2024-06-05T20:12:00Z,Section 14,RACA,0
2024-06-05T20:23:00Z,Section 1,RACA,0
2024-06-05T20:28:00Z,Section 13,RACA,0
2024-06-05T20:35:00Z,Section 3 House Pond,RACA,0
2024-06-05T22:22:00Z,Bill's W.P,none,0
2024-06-05T22:23:00Z,Section 9,none,0
2024-06-05T22:52:00Z,Section 15,RACA,0
2024-06-06T20:12:00Z,Section 14,RACA,0
2024-06-06T20:17:00Z,Section 13,none,0
2024-06-06T20:30:00Z,Section 1,RACA,0
2024-06-06T20:32:00Z,Section 3 House Pond,RACA,0
2024-06-06T21:55:00Z,Section 15,RACA,0
2024-06-11T15:50:00Z,Chulo Tank,"RACH, KISO",0
2024-06-11T17:23:00Z,Agua Cercada Tank,KISO,0
2024-06-11T20:38:00Z,Section 15,RACA,0
2024-06-11T20:45:00Z,Section 7,RACA,0
2024-06-11T20:48:00Z,Section 1,RACA,0
2024-06-11T21:00:00Z,Section 9,RACA,0
2024-06-11T21:06:00Z,Section 14,RACA,0
2024-06-11T21:50:00Z,Section 10,none,0
2024-06-11T22:00:00Z,Section 6,RACA,0
2024-06-11T22:18:00Z,Section 6,RACA,0
2024-06-11T22:21:00Z,Section 11,RACA,0
2024-06-11T22:35:00Z,Section 3 House Pond,RACA,0
2024-06-11T23:14:00Z,Section 7,RACA,0
2024-06-11T23:45:00Z,Section 8,RACA,0
2024-06-12T00:38:00Z,Section 7,RACA,0
2024-06-12T14:02:00Z,Chilton Tank,KISO,0
2024-06-12T14:48:00Z,Arivaca Tank,KISO,0
2024-06-12T16:00:00Z,Double Tank,none,0
2024-06-12T16:28:00Z,Cemetery Tank,none,0
2024-06-12T16:53:00Z,Corner Tank,none,0
2024-06-12T17:15:00Z,Rattlesnake Canyon Pool,none,0
2024-06-12T17:30:00Z,Dart Tank,none,0
2024-06-12T17:41:00Z,Austerlitz Tank,KISO,0
2024-06-12T20:30:00Z,Section 5,RACA,0
2024-06-12T20:30:00Z,Sierra Bonita Tank,RACH,0
2024-06-12T20:40:00Z,Section 13,RACA,0
2024-06-12T20:41:00Z,Section 2,none,0
2024-06-12T20:45:00Z,Section 1,RACA,0
2024-06-12T21:01:00Z,Section 4,"RACA, KISO",0
2024-06-12T21:02:00Z,Section 3 House Pond,RACA,0
2024-06-12T21:24:00Z,Section 14,RACA,0
2024-06-12T21:40:00Z,Little Tank,"BUPU, INAL",0
2024-06-12T22:45:00Z,Section 15,RACA,0
2024-06-12T23:43:00Z,Section 6,RACA,0
2024-06-13T12:13:00Z,Hospital Tank,RACH,0
2024-06-13T13:27:00Z,Clyne Pond,none,0
2024-06-13T14:04:00Z,Sues Pond,none,0
2024-06-13T14:26:00Z,State Tank,RACH,0
2024-06-13T18:06:00Z,Little Outfit Tank,none,0
2024-06-13T20:10:00Z,Section 3 House Pond,RACA,0
2024-06-13T20:20:00Z,"Turkey Creek, Canelo Project",none,0
2024-06-13T20:23:00Z,Section 13,none,0
2024-06-13T20:29:00Z,Section 4,RACA,0
2024-06-13T20:32:00Z,Section 6,RACA,0
2024-06-13T20:43:00Z,Section 1,RACA,0
2024-06-13T21:11:00Z,Section 14,RACA,0
2024-06-13T21:20:00Z,Section 5,RACA,0
2024-06-13T21:20:00Z,Section 7,RACA,0
2024-06-13T21:47:00Z,Little Outfit Tank,none,0
2024-06-13T22:18:00Z,Woodchopper Tank,RACA,0
2024-06-18T18:29:00Z,Dead Cow Tank,none,0
2024-06-18T20:13:00Z,Section 13,RACA,0
2024-06-18T20:30:00Z,Chulo Tank,"RACH, RAsp, BUPU",0
2024-06-18T20:34:00Z,Section 3 House Pond,RACA,0
2024-06-18T20:38:00Z,Section 1,RACA,0
2024-06-18T20:41:00Z,Section 6,RACA,0
2024-06-18T21:22:00Z,Cemetery Tank,none,0
2024-06-18T21:59:00Z,Section 4,RACA,0
2024-06-18T22:01:00Z,Papago Tanks,BUPU,0
2024-06-18T22:15:00Z,Section 11,RACA,0
2024-06-18T22:27:00Z,Section 7,RACA,0
2024-06-18T22:47:00Z,Section 5,RACA,0
2024-06-18T23:42:00Z,Section 12,RACA,0
2024-06-19T13:44:00Z,Woodchopper Tank,RACA,0
2024-06-19T15:58:00Z,Upper Tank,none,0
2024-06-19T16:19:00Z,Border Tank,none,0
2024-06-19T16:26:00Z,Canelo Tank,none,0
2024-06-19T17:00:00Z,Little Outfit Tank,none,0
2024-06-19T20:40:00Z,Section 11,RACA,0
2024-06-19T20:44:00Z,Section 1,RACA,0
2024-06-19T21:14:00Z,McDaniel Well Tank,none,0
2024-06-19T21:53:00Z,Finley Tank,RACH,0
2024-06-19T22:10:00Z,Section 7,RACA,0
2024-06-19T22:23:00Z,Section 4,RACA,0
2024-06-19T22:25:00Z,Section 12,RACA,0
2024-06-19T22:30:00Z,Tellas Tank,RACH,0
2024-06-19T23:21:00Z,Section 13,RACA,0
2024-06-20T00:39:00Z,Section 5,RACA,0
2024-06-20T20:24:00Z,Coldspring,"RACH, RAYA, RAsp",0
2024-06-20T20:36:00Z,Section 1,RACA,0
2024-06-20T21:49:00Z,Section 4,RACA,0
2024-06-20T22:00:00Z,Section 6,RACA,0
2024-06-20T22:30:00Z,Section 5,RACA,0
2024-06-25T14:36:00Z,Chilton Tank,KISO,0
2024-06-25T15:01:00Z,Arivaca Tank,KISO,0
2024-06-25T15:54:00Z,Muleshoe Tank,none,0
2024-06-25T16:12:00Z,Side Pocket Tank,BUAL,1
2024-06-25T16:33:00Z,Fraguita Tank,none,0
2024-06-25T17:05:00Z,Arrastra Tank,none,0
2024-06-25T17:20:00Z,Double Tank,none,0
2024-06-25T19:44:00Z,Arivaca Lake,"RACA, BUAL, GAOL",1
2024-06-25T20:30:00Z,Section 6,RACA,0
2024-06-25T20:35:00Z,Section 11,RACA,0
2024-06-25T20:41:00Z,Section 3 House Pond,RACA,0
2024-06-25T20:50:00Z,Section 1,RACA,0
2024-06-25T21:16:00Z,Cemetery Tank,BUAL,1
2024-06-25T21:55:00Z,Section 4,RACA,0
2024-06-25T22:29:00Z,Section 13,RACA,0
2024-06-25T22:45:00Z,Section 7,RACA,0
2024-06-25T23:19:00Z,Section 5,RACA,0
2024-06-25T23:31:00Z,Section 14,RACA,0
2024-06-26T00:18:00Z,Section 7,RACA,0
2024-06-26T12:34:00Z,Woodchopper Tank,none,0
2024-06-26T13:51:00Z,Little Outfit Tank,none,0
2024-06-26T15:20:00Z,Pauline Tank,none,0
2024-06-26T16:09:00Z,Middle Canyon Tank,none,0
2024-06-26T16:55:00Z,Middle Canyon Spring,none,0
2024-06-26T20:24:00Z,"TNC, Lower",none,0
2024-06-26T20:40:00Z,"TNC, Upper",RACA,0
2024-06-26T20:41:00Z,Section 1,RACA,0
2024-06-26T20:43:00Z,Section 5,RACA,0
2024-06-26T20:45:00Z,Section 3 House Pond,RACA,0
2024-06-26T20:52:00Z,Section 11,RACA,0
2024-06-26T21:48:00Z,Jelk's Creek,RACA,0
2024-06-26T22:03:00Z,Section 12,RACA,0
2024-06-26T22:10:00Z,Jelk's Pond,none,0
2024-06-26T22:33:00Z,Section 6,RACA,0
2024-06-26T22:50:00Z,Section 4,RACA,0
2024-06-26T22:52:00Z,Section 13,none,0
2024-06-27T16:12:00Z,Sycamore Grove Tank,SPMU,0
2024-06-27T20:32:00Z,Lower Empire Gulch,"RACH, RAYA, KISO",0
2024-06-27T20:41:00Z,Section 4,"RACA, SPMU",0
2024-06-27T20:42:00Z,Section 6,RACA,0
2024-06-27T20:44:00Z,Section 1,RACA,0
2024-06-27T21:03:00Z,Section 11,"RACA, SPMU",0
2024-06-27T21:32:00Z,Section 5,RACA,0
2024-06-27T21:53:00Z,Section 7,RACA,0
2024-07-02T00:21:00Z,Section 7,RACA,0
2024-07-02T13:58:00Z,Cemetery Tank,none,0
2024-07-02T14:50:00Z,Jarillas Tank,RACH,0
2024-07-02T15:27:00Z,Frog Tank,"RACH, BUAL",1
2024-07-02T20:22:00Z,"Turkey Creek, Canelo Project",BUPU,0
2024-07-02T20:41:00Z,Section 1,"RACA, BUAL, BUPU",1
2024-07-02T20:48:00Z,Section 3 House Pond,RACA,0
2024-07-02T21:25:00Z,"TNC, Lower",none,0
2024-07-02T21:40:00Z,"TNC, Upper",none,0
2024-07-02T21:42:00Z,Section 4,"RACA, HYWR",0
2024-07-02T21:55:00Z,Section 6,RACA,0
2024-07-02T22:52:00Z,Jelk's Creek,RACA,0
2024-07-02T23:20:00Z,Jelk's Pond,RACA,0
2024-07-03T17:10:00Z,Woodchopper Tank,none,0
2024-07-03T20:30:00Z,Pyeatt Tank,none,0
2024-07-03T20:36:00Z,Section 3 House Pond,"RACA, HYWR",0
2024-07-03T20:46:00Z,Section 13,none,0
2024-07-03T20:50:00Z,Section 1,"RACA, HYWR, BUPU, BUAL",1
2024-07-03T21:14:00Z,"TNC, Lower",none,0
2024-07-03T21:35:00Z,"TNC, Upper",none,0
2024-07-03T21:44:00Z,Section 11,RACA,0
2024-07-03T22:57:00Z,Jack Daniels Dam,KISO,0
2024-07-09T14:00:00Z,Woodchopper Tank,RACA,0
2024-07-09T20:10:00Z,Narrows,RAYA,0
2024-07-09T20:25:00Z,Section 6,RACA,0
2024-07-09T20:33:00Z,Section 3 House Pond,RACA,0
2024-07-09T20:50:00Z,Section 1,RACA,0
2024-07-09T21:30:00Z,Karen's Tank,BUAL,1
2024-07-09T21:37:00Z,Section 4,RACA,0
2024-07-09T21:37:00Z,Section 5,RACA,0
2024-07-09T21:54:00Z,Gaucho W.P.,RACH,0
2024-07-09T22:10:00Z,Cottonwood W.P.,RACH,0
2024-07-09T22:18:00Z,Section 7,RACA,0
2024-07-09T22:37:00Z,Maternity Well W.P.,RACH,0
2024-07-10T00:25:00Z,Section 11,RACA,0
2024-07-10T00:26:00Z,Section 8,RACA,0
2024-07-10T12:50:00Z,Section 1,RACA,0
2024-07-10T13:28:00Z,Reggie Tank,none,0
2024-07-10T13:42:00Z,Johnson Tank,none,0
2024-07-10T14:10:00Z,Little Tank,none,0
2024-07-10T14:51:00Z,Beck Tank,none,0
2024-07-10T15:09:00Z,Home Tank,none,0
2024-07-10T15:52:00Z,Jelk's Pond,RACA,0
2024-07-10T16:05:00Z,Jelk's Creek,RACA,0
2024-07-10T20:10:00Z,"TNC, Lower",none,0
2024-07-10T20:30:00Z,"TNC, Upper",RACA,0
2024-07-10T20:45:00Z,Section 9,RACA,0
2024-07-10T21:05:00Z,Section 1,RACA,0
2024-07-10T21:57:00Z,Mustang Dam,none,0
2024-07-10T22:09:00Z,Section 7,RACA,0
2024-07-10T22:13:00Z,Section 12,RACA,0
2024-07-10T22:50:00Z,BZ 10,"BUAL, SPMU",1
2024-07-10T22:57:00Z,Section 10,RACA,0
2024-07-10T23:03:00Z,Section 13,none,0
2024-07-10T23:17:00Z,BZ 11,none,0
2024-07-10T23:26:00Z,Section 6,RACA,0
2024-07-10T23:40:00Z,Section 14,RACA,0
2024-07-11T13:15:00Z,Section 1,RACA,0
2024-07-11T13:56:00Z,Cemetery Tank,none,0
2024-07-11T14:35:00Z,Dead Cow Tank,none,0
2024-07-11T17:05:00Z,Empire Well W.P.,RACH,0
2024-07-11T20:29:00Z,Section 8,RACA,0
2024-07-11T20:39:00Z,Section 1,RACA,0
2024-07-11T20:54:00Z,Section 9,"RACA, SPMU",0
2024-07-11T21:05:00Z,Section 2,RACA,0
2024-07-11T21:19:00Z,Section 10,RACA,0
2024-07-11T22:52:00Z,Section 4,RACA,0
2024-07-11T23:24:00Z,Section 5,RACA,0
2024-07-16T14:10:00Z,Fish Tank,none,0
2024-07-16T14:55:00Z,Woodchopper Tank,none,0
2024-07-16T15:30:00Z,Section 10,RACA,0
2024-07-16T15:47:00Z,Section 1,"RACA, BUAL",1
2024-07-16T15:54:00Z,Sawtelle Tank,SPMU,0
2024-07-16T16:50:00Z,Fritz Tank,none,0
2024-07-16T17:20:00Z,Becker's Folly Tank,none,0
2024-07-16T20:04:00Z,"Turkey Creek, Canelo Project",none,0
2024-07-16T20:26:00Z,Section 8,"RACA, BUPU",0
2024-07-16T20:35:00Z,Section 13,none,0
2024-07-16T20:35:00Z,Section 14,RACA,0
2024-07-16T20:58:00Z,Section 1,RACA,0
2024-07-16T21:03:00Z,Spartacus Pond,none,0
2024-07-16T21:14:00Z,Section 9,none,0
2024-07-16T21:18:00Z,"TNC, Lower",none,0
2024-07-16T21:35:00Z,Section 10,RACA,0
2024-07-16T21:36:00Z,Quartz Pool,none,0
2024-07-16T22:04:00Z,"TNC, Upper",none,0
2024-07-17T14:40:00Z,Section 8,RACA,0
2024-07-17T14:49:00Z,Mojonera Tank,RACH,0
2024-07-17T15:00:00Z,Section 1,RACA,0
2024-07-17T16:23:00Z,Alamito Tank,KISO,0
2024-07-17T16:42:00Z,Section 10,RACA,0
2024-07-17T17:03:00Z,Coches Tank,"BUAL, THsp",1
2024-07-17T20:24:00Z,Section 11,RACA,0
2024-07-17T20:27:00Z,Section 10,RACA,0
2024-07-17T20:50:00Z,Section 1,RACA,0
2024-07-17T21:44:00Z,Empire Gulch Spring,none,0
2024-07-17T21:52:00Z,Section 8,"RACA, BUPU",0
2024-07-17T22:13:00Z,Section 3 House Pond,RACA,0
2024-07-17T22:20:00Z,Section 2,RACA,0
2024-07-17T22:50:00Z,Springwater Wetland,none,0
2024-07-17T23:10:00Z,Section 7,RACA,0
2024-07-17T23:35:00Z,Heart Wetlands,none,0
2024-07-17T23:41:00Z,Crescent Wetlands,RACH,0
2024-07-17T23:52:00Z,Egret Wetlands,none,0
2024-07-18T12:40:00Z,Section 15,RACA,0
2024-07-18T14:58:00Z,Section 2,KISO,0
2024-07-18T17:09:00Z,Clyne Pond,BUAL,1
2024-07-18T17:30:00Z,Hospital Tank,"RACH, THMA",0
2024-07-18T18:25:00Z,Goat Well,none,0
2024-07-18T20:16:00Z,Bill's W.P,"RACH, BUCO",0
2024-07-18T20:40:00Z,Section 14,RACA,0
2024-07-18T20:51:00Z,Section 6,RACA,0
2024-07-18T21:02:00Z,Section 4,RACA,0
2024-07-18T21:05:00Z,Section 2,RACA,0
2024-07-18T21:10:00Z,Headwaters,"RACH, BUAL, KISO",1
2024-07-18T22:00:00Z,Section 5,RACA,0
2024-07-18T22:12:00Z,Section 15,RACA,0
2024-07-18T22:30:00Z,Section 7,RACA,0
2024-07-23T00:20:00Z,Section 9,"RACA, BUPU",0
2024-07-23T12:18:00Z,False Tank,KISO,0
2024-07-23T13:12:00Z,Watergate Tank,none,0
2024-07-23T15:00:00Z,Holding tank,none,0
2024-07-23T15:38:00Z,Horse Tank,RACH,0
2024-07-23T16:55:00Z,Japanese Tank,none,0
2024-07-23T17:19:00Z,Austerlitz Tank,none,0
2024-07-23T17:50:00Z,Loading Tank,none,0
2024-07-23T18:20:00Z,Ruby Lakes,none,0
2024-07-23T20:33:00Z,Chulo Tank,"RACH, BUAL, GAOL",1
2024-07-23T20:36:00Z,Section 3 House Pond,"RACA, HYWR",0
2024-07-23T20:36:00Z,Section 6,RACA,0
2024-07-23T20:49:00Z,Section 1,"RACA, BUPU",0
2024-07-23T21:04:00Z,Section 2,RACA,0
2024-07-23T21:26:00Z,Cemetery Tank,"RACA, BUAL, BUPU",1
2024-07-23T21:54:00Z,Section 7,RACA,0
2024-07-23T23:20:00Z,Section 4,RACA,0
2024-07-23T23:24:00Z,Section 8,RACA,0
2024-07-25T13:23:00Z,Jelk's Pond,none,0
2024-07-25T13:41:00Z,Jelk's Creek,"RACA, KISO",0
2024-07-25T14:55:00Z,Woodchopper Tank,RACA,0
2024-07-25T15:59:00Z,Fish Tank,none,0
2024-07-25T16:50:00Z,Jack Daniels Dam,KISO,0
2024-07-25T17:52:00Z,Road Canyon W.P.,none,0
2024-07-30T00:02:00Z,Section 14,RACA,0
2024-07-30T14:02:00Z,Cemetery Tank,none,0
2024-07-30T15:06:00Z,Papago Tanks,none,0
2024-07-30T16:00:00Z,Juan Tank,none,0
2024-07-30T16:22:00Z,Border Tank,none,0
2024-07-30T17:43:00Z,Mojonera Tank,RACH,0
2024-07-30T20:27:00Z,Section 6,RACA,0
2024-07-30T20:30:00Z,Section 2,RACA,0
2024-07-30T20:37:00Z,Cemetery Tank,BUAL,1
2024-07-30T20:46:00Z,Section 1,RACA,0
2024-07-30T20:48:00Z,Section 13,RACA,0
2024-07-30T21:10:00Z,Section 12,RACA,0
2024-07-30T21:54:00Z,Section 7,RACA,0
2024-07-30T23:01:00Z,Chilton Tank,"RACA, BUAL",1
2024-07-30T23:18:00Z,Section 3 House Pond,RACA,0
2024-07-30T23:25:00Z,Section 8,RACA,0
2024-07-30T23:37:00Z,Arivaca Tank,RACA,0
2024-07-30T23:52:00Z,Section 9,none,0
2024-07-31T14:17:00Z,Woodchopper Tank,none,0
2024-07-31T20:17:00Z,Narrows,RAYA,0
2024-07-31T20:30:00Z,Section 5,"RACA, KISO",0
2024-07-31T20:47:00Z,Section 14,RACA,0
2024-07-31T20:48:00Z,Section 1,"RACA, RACH",0
2024-07-31T20:56:00Z,Section 13,none,0
2024-07-31T21:26:00Z,Section 4,"RACA, KISO",0
2024-07-31T21:27:00Z,Section 12,none,0
2024-07-31T22:15:00Z,Section 11,RACA,0
2024-07-31T22:42:00Z,Section 15,RACA,0
2024-07-31T23:30:00Z,Section 2,RACA,0
2024-08-01T00:27:00Z,Section 3 House Pond,none,0
2024-08-01T14:38:00Z,Chilton Tank,none,0
2024-08-01T15:16:00Z,Arivaca Tank,none,0
2024-08-01T20:43:00Z,Section 11,RACA,0
2024-08-01T20:45:00Z,Section 5,RACA,0
2024-08-01T21:21:00Z,Section 6,RACA,0
2024-08-01T21:51:00Z,Section 1,RACA,0
2024-08-01T22:09:00Z,Section 12,RACA,0
2024-08-06T14:24:00Z,Japanese Tank,KISO,0
2024-08-06T16:48:00Z,Austerlitz Tank,KISO,0
2024-08-06T17:25:00Z,Cemetery Tank,GAOL,0
2024-08-06T20:17:00Z,Chilton Tank,"BUAL, GAOL, SCCO",1
2024-08-06T21:10:00Z,Section 3 House Pond,none,0
2024-08-06T21:11:00Z,Section 2,RACA,0
2024-08-06T21:20:00Z,Arivaca Tank,"RACA, BUAL, BUPU, SCCO, GAOL",1
2024-08-06T21:27:00Z,Section 11,RACA,0
2024-08-06T21:39:00Z,Section 13,none,0
2024-08-06T22:22:00Z,Section 4,RACA,0
2024-08-06T22:31:00Z,Section 14,RACA,0
2024-08-06T23:17:00Z,Section 15,RACA,0
2024-08-06T23:20:00Z,Cemetery Tank,GAOL,0
2024-08-06T23:33:00Z,Section 12,RACA,0
2024-08-06T23:53:00Z,Section 5,RACA,0
2024-08-07T00:20:00Z,Section 9,RACA,0
2024-08-07T00:40:00Z,Section 6,"RACA, KISO",0
2024-08-07T15:06:00Z,"Turkey Creek, Canelo Project",none,0
2024-08-07T16:33:00Z,Canelo Tank,none,0
2024-08-07T17:00:00Z,Upper Tank,none,0
2024-08-07T19:20:00Z,Jelk's Pond,RACA,0
2024-08-07T19:37:00Z,Jelk's Creek,RACA,0
2024-08-07T19:40:00Z,Coldspring,"RAYA, THEQ",0
2024-08-07T20:37:00Z,Little Outfit Tank,none,0
2024-08-07T20:45:00Z,Section 4,RACA,0
2024-08-07T20:50:00Z,Section 2,RACA,0
2024-08-07T20:58:00Z,Section 1,RACA,0
2024-08-07T21:15:00Z,Willamson Tank,none,0
2024-08-07T21:30:00Z,Woodchopper Tank,RACA,0
2024-08-07T22:13:00Z,Border Tank,none,0
2024-08-07T22:51:00Z,"TNC, Lower",none,0
2024-08-07T23:07:00Z,"TNC, Upper",none,0
2024-08-07T23:46:00Z,Section 5,"RACA, KISO",0
2024-08-13T13:52:00Z,Cemetery Tank,none,0
2024-08-13T15:54:00Z,Arivaca Tank,RACA,0
2024-08-13T17:41:00Z,Heifer Tank,none,0
2024-08-13T20:15:00Z,Cemetery Tank,GAOL,0
2024-08-13T20:27:00Z,Section 8,RACA,0
2024-08-13T20:35:00Z,Section 12,RACA,0
2024-08-13T20:44:00Z,Section 5,RACA,0
2024-08-13T20:49:00Z,Section 1,RACA,0
2024-08-13T20:49:00Z,Section 13,none,0
2024-08-13T21:20:00Z,Section 9,RACA,0
2024-08-13T21:30:00Z,Section 14,RACA,0
2024-08-13T21:31:00Z,Chilton Tank,BUAL,1
2024-08-13T21:57:00Z,Section 10,"RACA, SCCO",0
2024-08-13T22:09:00Z,Arivaca Tank,RACA,0
2024-08-13T22:35:00Z,Section 6,RACA,0
2024-08-14T14:55:00Z,Woodchopper Tank,none,0
2024-08-14T20:14:00Z,Section 9,"RACA, SCCO, BUPU",0
2024-08-14T20:20:00Z,Lower Empire Gulch,RACH,0
2024-08-14T20:37:00Z,Section 4,"RACA, SCCO",0
2024-08-14T21:00:00Z,Section 2,RACA,0
2024-08-14T21:02:00Z,Section 8,"RACA, SPMU",0
2024-08-14T22:07:00Z,Section 7,RACA,0
2024-08-14T22:41:00Z,Section 11,RACA,0
2024-08-14T22:51:00Z,Section 5,RACA,0
2024-08-15T20:21:00Z,Section 5,RACA,0
2024-08-15T20:30:00Z,Section 11,RACA,0
2024-08-15T20:32:00Z,Section 1,RACA,0
2024-08-15T20:33:00Z,Section 2,RACA,0
2024-08-15T20:59:00Z,Section 10,RACA,0
2024-08-15T21:21:00Z,Section 6,RACA,0
2024-08-20T00:59:00Z,Section 11,RACA,0
2024-08-20T17:00:00Z,Section 2,"RACA, KISO",0
2024-08-20T19:59:00Z,Chilton Tank,"RACA, BUAL, SCCO",1
2024-08-20T20:25:00Z,Section 4,RACA,0
2024-08-20T20:27:00Z,Arivaca Tank,"RACA, BUAL",1
2024-08-20T20:34:00Z,Section 3 House Pond,RACA,0
2024-08-20T20:39:00Z,Section 8,"RACA, BUPU",0
2024-08-20T21:17:00Z,Section 2,RACA,0
2024-08-20T21:26:00Z,Section 5,RACA,0
2024-08-20T22:32:00Z,Section 6,RACA,0
2024-08-20T23:13:00Z,Section 9,RACA,0
2024-08-20T23:40:00Z,Section 7,RACA,0
2024-08-20T23:52:00Z,Section 10,none,0
2024-08-21T00:12:00Z,Section 5,RACA,0
2024-08-21T15:15:00Z,Cemetery Tank,none,0
2024-08-21T16:15:00Z,Arrastra Tank,none,0
2024-08-21T16:46:00Z,Fraguita Tank,none,0
2024-08-21T17:08:00Z,Side Pocket Tank,none,0
2024-08-21T17:19:00Z,Muleshoe Tank,none,0
2024-08-21T20:04:00Z,Chilton Tank,BUAL,1
2024-08-21T20:55:00Z,Arivaca Tank,RACA,0
2024-08-21T20:59:00Z,Section 13,none,0
2024-08-21T21:00:00Z,Section 1,"RACA, RACH",0
2024-08-21T21:01:00Z,Section 14,RACA,0
2024-08-21T21:25:00Z,Section 12,RACA,0
2024-08-21T22:05:00Z,Section 15,none,0
2024-08-21T23:08:00Z,Section 4,RACA,0
2024-08-21T23:30:00Z,Section 7,RACA,0
2024-08-22T00:27:00Z,Worry 14,none,0
2024-08-22T14:09:00Z,Worry 14,none,0
2024-08-22T14:19:00Z,Hay T Tank,SPMU,0
2024-08-22T15:27:00Z,Spartacus Pond,none,0
2024-08-22T16:21:00Z,Woodchopper Tank,none,0
2024-08-22T20:02:00Z,Woodchopper Tank,none,0
2024-08-22T20:17:00Z,Section 5,"RACA, KISO",0
2024-08-22T20:20:00Z,Section 3 House Pond,RACA,0
2024-08-22T20:30:00Z,Section 1,"RACA, RACH",0
2024-08-22T21:13:00Z,Section 2,RACA,0
2024-08-22T21:51:00Z,Fish Tank,none,0
2024-08-22T22:21:00Z,Double Tank,none,0
2024-08-22T22:25:00Z,Section 4,RACA,0
2024-08-22T22:38:00Z,Section 7,RACA,0
2024-08-22T23:07:00Z,"TNC, Lower",none,0
2024-08-22T23:27:00Z,"TNC, Upper",none,0
2024-08-27T00:34:00Z,Section 10,RACA,0
2024-08-27T14:00:00Z,Honnas Tank,RACA,0
2024-08-27T14:50:00Z,Roadside Tank,RACA,0
2024-08-27T15:23:00Z,Muleshoe Tank,none,0
2024-08-27T16:08:00Z,Arivaca Tank,RACA,0
2024-08-27T16:55:00Z,Chilton Tank,none,0
2024-08-27T20:03:00Z,Section 4,RACA,0
2024-08-27T20:09:00Z,Section 1,"RACA, RACH, SPMU",0
2024-08-27T20:27:00Z,Arivaca Tank,"RACA, BUAL, BUPU",1
2024-08-27T20:30:00Z,Section 7,RACA,0
2024-08-27T22:05:00Z,Section 5,RACA,0
2024-08-27T22:48:00Z,Roadside Tank,"RACA, BUAL",1
2024-08-27T22:49:00Z,Section 8,RACA,0
2024-08-27T23:25:00Z,Section 6,RACA,0
2024-08-27T23:40:00Z,Section 9,RACA,0
2024-08-28T14:05:00Z,Jelk's Pond,"RACA, KISO",0
2024-08-28T14:16:00Z,Jelk's Creek,"RACA, KISO",0
2024-08-28T16:18:00Z,Pauline Tank,none,0
2024-08-28T17:12:00Z,Middle Canyon Tank,none,0
2024-08-28T19:55:00Z,Section 4,RACA,0
2024-08-28T20:12:00Z,Section 2,RACA,0
2024-08-28T20:13:00Z,Section 11,RACA,0
2024-08-28T21:35:00Z,Section 12,RACA,0
2024-08-28T22:10:00Z,Coldspring,"RAYA, RACH, KISO",0
2024-08-28T22:13:00Z,Section 13,RACA,0
2024-08-28T22:27:00Z,Section 5,RACA,0
2024-08-28T22:58:00Z,Section 6,RACA,0
2024-08-28T23:41:00Z,Section 10,KIFL,0
2024-08-29T19:47:00Z,Pump Canyon,"RAYA, RACH",0
2024-08-29T20:00:00Z,Section 4,RACA,0
2024-08-29T20:19:00Z,Section 1,"RACA, RACH",0
2024-08-29T21:43:00Z,Section 5,RACA,0
2024-08-29T22:16:00Z,Section 6,RACA,0
2024-09-03T00:02:00Z,Section 5,RACA,0
2024-09-03T00:32:00Z,Section 6,RACA,0
2024-09-03T12:46:00Z,Section 4,RACA,0
2024-09-03T21:43:00Z,Section 4,RACA,0
2024-09-03T21:47:00Z,Section 11,RACA,0
2024-09-03T21:50:00Z,Section 2,RACA,0
2024-09-03T22:30:00Z,Section 1,"RACA, RACH",0
2024-09-03T23:03:00Z,Section 12,RACA,0
2024-09-03T23:17:00Z,Section 3 House Pond,RACA,0
2024-09-03T23:36:00Z,Section 13,RACA,0
2024-09-04T01:32:00Z,Tellas Tank,RACH,0
2024-09-04T12:40:00Z,Section 1,RACA,0
2024-09-04T12:40:00Z,Section 7,RACA,0
2024-09-05T19:50:00Z,Section 4,RACA,0
2024-09-05T20:15:00Z,Section 1,"RACA, RACH, SPMU",0
2024-09-05T20:57:00Z,Section 2,RACA,0
2024-09-05T22:05:00Z,Section 5,RACA,0
2024-09-05T22:40:00Z,Section 6,RACA,0
2024-09-10T13:48:00Z,Cemetery Tank,none,0
2024-09-10T15:10:00Z,Roadside Tank,RACA,0
2024-09-10T16:16:00Z,Jarillas Tank,RACH,0
2024-09-10T16:58:00Z,Alamo Tank,none,0
2024-09-10T18:02:00Z,Frog Tank,none,0
2024-09-10T20:08:00Z,Section 12,RACA,0
2024-09-10T20:25:00Z,Section 9,"RACA, SPMU",0
2024-09-10T20:28:00Z,Section 10,RACA,0
2024-09-10T21:36:00Z,Section 13,RACA,0
2024-09-10T21:45:00Z,Watergate Tank,none,0
2024-09-10T21:58:00Z,Section 14,RACA,0
2024-09-10T22:24:00Z,Section 11,RACA,0
2024-09-10T22:41:00Z,Chilton Tank,none,0
2024-09-10T22:50:00Z,Section 15,RACA,0
2024-09-10T23:11:00Z,Arivaca Tank,RACA,0
2024-09-10T23:50:00Z,Section 8,RACA,0
2024-09-11T00:15:00Z,Section 8,RACA,0
2024-09-11T00:26:00Z,Roadside Tank,RACA,0
2024-09-11T13:51:00Z,Section 4,RACA,0
2024-09-11T14:14:00Z,"TNC, Lower",none,0
2024-09-11T14:14:00Z,"TNC, Upper",none,0
2024-09-11T15:51:00Z,"Turkey Creek, Canelo Project",none,0
2024-09-11T16:14:00Z,Section 6,RACA,0
2024-09-11T17:33:00Z,Beck Tank,none,0
2024-09-11T17:35:00Z,Jack Daniels Dam,KISO,0
2024-09-11T19:52:00Z,Springwater Wetland,RACH,0
2024-09-11T20:18:00Z,Section 5,RACA,0
2024-09-11T20:24:00Z,Section 2,RACA,0
2024-09-11T20:32:00Z,Section 1,"RACA, SPMU, RACH, BUPU, SCCO",0
2024-09-11T20:36:00Z,Lower Empire Gulch,RACH,0
2024-09-11T21:12:00Z,Crescent Wetlands,RACH,0
2024-09-11T21:21:00Z,Egret Wetlands,none,0
2024-09-11T21:31:00Z,Heart Wetlands,none,0
2024-09-11T21:39:00Z,Section 6,RACA,0
2024-09-11T22:02:00Z,Section 3 House Pond,RACA,0
2024-09-11T22:16:00Z,Karen's Tank,"RACH, BUAL",1
2024-09-11T22:18:00Z,Section 7,RACA,0
2024-09-11T22:44:00Z,Empire Gulch Spring,RACH,0
2024-09-11T22:52:00Z,Section 4,RACA,0
2024-09-11T23:40:00Z,Bill's W.P,RACH,0
2024-09-12T11:50:00Z,Section 4,RACA,0
2024-09-12T13:48:00Z,Johnson Tank,none,0
2024-09-12T15:32:00Z,BZ 2,none,0
2024-09-12T16:02:00Z,BZ 10,none,0
2024-09-12T16:41:00Z,BZ 11,none,0
2024-09-12T20:31:00Z,Section 5,"RACA, SPMU",0
2024-09-12T20:31:00Z,Section 6,"RACA, SPMU",0
2024-09-12T20:43:00Z,Gaucho W.P.,RACH,0
2024-09-12T20:45:00Z,Section 1,"RACA, RACH",0
2024-09-12T21:00:00Z,Section 4,RACA,0
2024-09-12T21:06:00Z,Cottonwood W.P.,RACH,0
2024-09-12T21:50:00Z,Section 7,RACA,0
2024-09-12T22:15:00Z,Empire Well W.P.,RACH,0
2024-09-12T23:20:00Z,Maternity Well W.P.,RACH,0
2024-09-17T14:26:00Z,Double Tanks,"RACH, RACA",0
2024-09-17T19:36:00Z,Section 15,RACA,0
2024-09-17T19:51:00Z,Section 6,"RACA, BUPU",0
2024-09-17T19:52:00Z,Section 3 House Pond,RACA,0
2024-09-17T19:59:00Z,Section 14,RACA,0
2024-09-17T20:24:00Z,Arivaca Tank,RACA,0
2024-09-17T20:40:00Z,Section 7,RACA,0
2024-09-17T20:50:00Z,Section 13,none,0
2024-09-17T21:02:00Z,Section 2,RACA,0
2024-09-17T21:08:00Z,Section 12,RACA,0
2024-09-17T22:05:00Z,Section 8,RACA,0
2024-09-17T22:14:00Z,Section 11,none,0
2024-09-17T22:32:00Z,Section 9,RACA,0
2024-09-17T22:48:00Z,Roadside Tank,RACA,0
2024-09-17T22:57:00Z,Section 4,RACA,0
2024-09-17T23:16:00Z,Section 10,none,0
2024-09-17T23:54:00Z,Section 1,RACA,0
2024-09-18T00:03:00Z,Cemetery Tank,none,0
2024-09-18T00:18:00Z,Section 5,RACA,0
2024-09-18T12:30:00Z,Yellow Jacket Tank,none,0
2024-09-18T14:14:00Z,Coches Tank,none,0
2024-09-18T15:24:00Z,Alamito Tank,"BUPU, KISO",0
2024-09-18T16:12:00Z,Bull Tank,none,0
2024-09-18T17:15:00Z,Heifer Tank,none,0
2024-09-18T19:43:00Z,Section 3 House Pond,RACA,0
2024-09-18T20:00:00Z,Arivaca Tank,RACA,0
2024-09-18T20:00:00Z,Section 1,"RACA, RACH",0
2024-09-18T20:58:00Z,Section 4,RACA,0
2024-09-18T22:17:00Z,Roadside Tank,RACA,0
2024-09-18T23:13:00Z,Section 6,RACA,0
2024-09-19T00:01:00Z,Section 7,RACA,0
2024-09-19T14:15:00Z,Jelk's Pond,none,0
2024-09-19T14:23:00Z,Jelk's Creek,"RACA, KISO",0
2024-09-19T15:59:00Z,Woodchopper Tank,none,0
2024-09-19T16:25:00Z,Border Tank,none,0
2024-09-19T16:43:00Z,Little Outfit Tank,none,0
2024-09-19T19:29:00Z,Section 3 House Pond,RACA,0
2024-09-19T19:31:00Z,Clyne Pond,RACH,0
2024-09-19T19:45:00Z,Section 1,"RACA, RACH",0
2024-09-19T20:10:00Z,Hospital Tank,RACH,0
2024-09-19T21:22:00Z,Section 4,RACA,0
2024-09-19T21:27:00Z,Mustang Dam,none,0
2024-09-19T22:30:00Z,Section 5,RACA,0
2024-09-19T22:34:00Z,BZ 10,none,0
2024-09-19T23:16:00Z,Section 7,RACA,0
2024-09-19T23:40:00Z,Jack Daniels Dam,none,0
2024-09-24T16:08:00Z,Fish Tank,KISO,0
2024-09-24T18:01:00Z,Canelo Tank,none,0
2024-09-24T19:16:00Z,McDaniel Well Tank,none,0
2024-09-24T19:20:00Z,Section 15,none,0
2024-09-24T19:24:00Z,Jelk's Pond,RACA,0
2024-09-24T19:32:00Z,Section 14,RACA,0
2024-09-24T19:39:00Z,Jelk's Creek,RACA,0
2024-09-24T19:54:00Z,Finley Tank,RACH,0
2024-09-24T19:56:00Z,Section 3 House Pond,RACA,0
2024-09-24T20:25:00Z,"TNC, Lower",none,0
2024-09-24T20:33:00Z,Bald Hill Tank,"RACH, THCY",0
2024-09-24T20:40:00Z,Section 13,none,0
2024-09-24T20:41:00Z,"TNC, Upper",none,0
2024-09-24T20:55:00Z,Antelope Tank,RACH,0
2024-09-24T20:58:00Z,Section 12,RACA,0
2024-09-24T21:23:00Z,Tellas Tank,RACH,0
2024-09-24T21:28:00Z,Section 11,RACA,0
2024-09-24T21:28:00Z,Section 2,none,0
2024-09-24T22:05:00Z,Double Tanks,"RACH, RACA",0
2024-09-24T22:32:00Z,Section 8,RACA,0
2024-09-24T22:32:00Z,Section 9,"RACA, BUPU",0
2024-09-24T23:05:00Z,Section 10,none,0
2024-09-24T23:07:00Z,Section 5,RACA,0
2024-09-24T23:14:00Z,Section 7,RACA,0
2024-09-24T23:48:00Z,Section 4,RACA,0
2024-09-25T00:09:00Z,Section 3 House Pond,RACA,0
2024-09-25T00:45:00Z,Section 6,RACA,0
2024-09-25T13:56:00Z,Honnas Tank,none,0
2024-09-25T15:15:00Z,Agua Cercada Tank,RAsp,0
2024-09-25T17:48:00Z,Eagle Lake,KISO,0
2024-09-25T19:50:00Z,Section 3 House Pond,RACA,0
2024-09-25T19:52:00Z,Section 1,RACA,0
2024-09-25T20:03:00Z,Town Lake,none,0
2024-09-25T20:50:00Z,Mineral Lake,none,0
2024-09-25T21:21:00Z,Section 4,RACA,0
2024-09-25T22:35:00Z,Section 5,RACA,0
2024-09-25T22:39:00Z,McDaniel Well Tank,RACH,0
2024-09-25T22:40:00Z,Cinco Well W.P.,RACH,0
2024-09-25T23:50:00Z,Section 7,RACA,0
2024-09-26T16:44:00Z,Pauline Tank,none,0
2024-09-26T17:22:00Z,Middle Canyon Tank,none,0
2024-09-26T19:30:00Z,Section 3 House Pond,RACA,0
2024-09-26T20:10:00Z,Section 1,RACA,0
2024-09-26T21:21:00Z,Section 4,RACA,0
2024-09-26T23:17:00Z,Section 5,RACA,0
2024-10-01T15:08:00Z,Sierra Bonita Tank,"RACH, KISO",0
2024-10-01T16:09:00Z,Little Tank,none,0
2024-10-01T19:00:00Z,Arivaca Tank,RACA,0
2024-10-01T19:40:00Z,Section 2,BUPU,0
2024-10-01T19:48:00Z,Section 7,RACA,0
2024-10-01T20:45:00Z,Section 3 House Pond,none,0
2024-10-01T20:50:00Z,Section 12,RACA,0
2024-10-01T21:16:00Z,Section 8,none,0
2024-10-01T21:18:00Z,Section 13,RACA,0
2024-10-01T21:35:00Z,Section 9,RACA,0
2024-10-01T22:07:00Z,Section 4,RACA,0
2024-10-01T22:31:00Z,Section 14,none,0
2024-10-01T23:15:00Z,Section 5,RACA,0
2024-10-01T23:16:00Z,Section 15,none,0
2024-10-01T23:55:00Z,Section 6,RACA,0
2024-10-02T00:35:00Z,Section 11,RACA,0
2024-10-02T12:47:00Z,Section 1,RACA,0
2024-10-02T14:32:00Z,Double Tanks,"RACH, RACA, BUPU, KISO",0
2024-10-02T20:29:00Z,Section 1,RACA,0
2024-10-02T20:30:00Z,Section 5,RACA,0
2024-10-02T20:49:00Z,Section 4,RACA,0
2024-10-02T22:38:00Z,Section 6,"RACA, SPMU",0
2024-10-02T23:53:00Z,Section 7,RACA,0
2024-10-03T13:30:00Z,Section 4,RACA,0
2024-10-03T19:06:00Z,Arivaca Tank,"RACA, BUAL",1
2024-10-03T19:41:00Z,Section 13,none,0
2024-10-03T19:47:00Z,Section 4,RACA,0
2024-10-03T19:57:00Z,Section 12,RACA,0
2024-10-03T20:15:00Z,Section 1,"RACA, RACH",0
2024-10-03T20:45:00Z,Section 5,RACA,0
2024-10-03T21:16:00Z,Section 9,RACA,0
2024-10-03T21:53:00Z,Section 6,RACA,0
2024-10-03T23:05:00Z,Section 7,"RACA, KISO",0
2024-10-08T16:00:00Z,Section 6,"RACA, KISO",0
2024-10-08T16:04:00Z,Section 4,"RACA, KISO",0
2024-10-08T16:05:00Z,Section 5,RACA,0
2024-10-08T19:19:00Z,Section 12,RACA,0
2024-10-08T19:27:00Z,Section 11,none,0
2024-10-08T19:34:00Z,Section 2,none,0
2024-10-08T20:00:00Z,Section 13,none,0
2024-10-08T20:16:00Z,Section 3 House Pond,RACA,0
2024-10-08T20:26:00Z,Section 14,none,0
2024-10-08T21:06:00Z,Section 7,RACA,0
2024-10-08T21:20:00Z,Section 4,RACA,0
2024-10-08T21:22:00Z,Section 15,none,0
2024-10-08T22:16:00Z,Section 5,RACA,0
2024-10-08T22:19:00Z,Section 12,none,0
2024-10-08T22:48:00Z,Section 8,none,0
2024-10-08T22:55:00Z,Section 9,none,0
2024-10-08T23:05:00Z,Section 6,RACA,0
2024-10-09T11:56:00Z,Section 7,RACA,0
2024-10-09T12:03:00Z,Section 4,"RACA, KISO",0
2024-10-09T12:20:00Z,Section 1,"RACA, KISO",0
2024-10-09T20:15:00Z,Section 3 House Pond,RACA,0
2024-10-09T20:29:00Z,Section 6,RACA,0
2024-10-09T20:30:00Z,Section 1,"RACA, RACH",0
2024-10-09T21:20:00Z,Section 4,RACA,0
2024-10-09T22:22:00Z,Section 5,RACA,0
2024-10-09T23:03:00Z,Section 7,RACA,0
2024-10-10T12:04:00Z,Section 7,"RACA, THsp",0
2024-10-10T12:05:00Z,Section 6,RACA,0
2024-10-10T12:15:00Z,Section 4,"RACA, KISO",0
2024-10-10T19:40:00Z,Section 7,RACA,0
2024-10-10T19:55:00Z,Section 3 House Pond,RACA,0
2024-10-10T20:06:00Z,Section 1,RACA,0
2024-10-10T21:01:00Z,Section 6,RACA,0
2024-10-10T21:20:00Z,Section 4,RACA,0
2024-10-15T14:33:00Z,Honnas Tank,none,0
2024-10-15T19:00:00Z,Arivaca Tank,RACA,0
2024-10-15T19:30:00Z,Section 3 House Pond,RACA,0
2024-10-15T19:56:00Z,Section 4,"RACA, KISO",0
2024-10-15T20:00:00Z,Section 7,RACA,0
2024-10-15T20:19:00Z,Section 5,RACA,0
2024-10-15T20:32:00Z,Section 6,"RACA, KISO",0
2024-10-15T21:05:00Z,Section 1,RACA,0
2024-10-15T22:16:00Z,Section 8,none,0
2024-10-15T22:44:00Z,Section 12,none,0
2024-10-15T23:09:00Z,Section 3 House Pond,none,0
2024-10-16T00:06:00Z,Section 13,none,0
2024-10-16T15:07:00Z,Double Tanks,RACH,0
2024-10-16T19:00:00Z,Double Tanks,RACH,0
2024-10-16T19:05:00Z,Coldspring,RAYA,0
2024-10-16T19:30:00Z,Lower Empire Gulch,RAYA,0
2024-10-17T16:31:00Z,Big Casa Blanca Canyon,"RATA, HYAR",0
2024-10-17T18:49:00Z,Section 9,none,0
2024-10-17T18:54:00Z,Section 14,none,0
2024-10-17T19:11:00Z,Section 5,none,0
2024-10-17T19:24:00Z,Section 7,RACA,0
2024-10-17T19:38:00Z,Section 13,none,0
2024-10-17T19:38:00Z,Section 4,RACA,0
2024-10-17T19:52:00Z,Section 12,none,0
2024-10-17T20:23:00Z,Section 6,RACA,0
2024-10-17T20:27:00Z,Section 11,none,0
2024-10-17T20:38:00Z,Section 3 House Pond,RACA,0
2024-10-17T21:20:00Z,Sycamore Grove Tank,RACH,0
2024-10-22T18:30:00Z,Arivaca Tank,RACA,0
2024-10-22T19:31:00Z,Section 14,none,0
2024-10-22T19:44:00Z,Chilton Tank,"RACA, BUAL",1
2024-10-22T19:45:00Z,Section 7,RACA,0
2024-10-22T19:49:00Z,Section 11,none,0
2024-10-22T19:58:00Z,Section 3 House Pond,RACA,0
2024-10-22T20:31:00Z,Section 13,none,0
2024-10-22T20:37:00Z,Section 6,none,0
2024-10-22T20:54:00Z,Section 12,none,0
2024-10-22T21:07:00Z,Section 5,none,0
2024-10-22T21:16:00Z,Section 4,RACA,0
2024-10-22T21:22:00Z,Japanese Tank,none,0
2024-10-22T21:43:00Z,Austerlitz Tank,none,0
2024-10-22T22:00:00Z,Corner Tank,none,0
2024-10-22T22:17:00Z,Cemetery Tank,none,0
2024-10-22T22:40:00Z,Section 1,RACA,0
2024-10-22T22:56:00Z,Section 9,RACA,0
2024-10-22T23:19:00Z,Section 8,none,0
2024-10-23T22:39:00Z,Section 4,none,0
2024-10-24T18:19:00Z,Narrows,RAYA,0
2024-10-24T18:36:00Z,Pump Canyon,RAYA,0
2024-10-24T18:48:00Z,Lower Empire Gulch,"RAYA, RACH, KISO",0
2024-10-29T18:35:00Z,Section 11,none,0
2024-10-29T18:38:00Z,Section 3 House Pond,RACA,0
2024-10-29T18:48:00Z,Section 4,RACA,0
2024-10-29T19:03:00Z,Section 1,none,0
2024-10-29T19:16:00Z,Section 12,none,0
2024-10-29T19:23:00Z,Section 5,none,0
2024-10-29T19:38:00Z,Section 13,none,0
2024-10-29T19:58:00Z,Section 14,none,0
2024-10-29T20:07:00Z,Section 6,RACA,0
2024-10-29T20:48:00Z,Section 7,RACA,0
2024-11-05T15:42:00Z,Cinco Well W.P.,none,0
2024-11-05T16:29:00Z,Springwater Wetland,none,0
2024-11-05T18:24:00Z,Narrows,RAYA,0
2024-11-05T22:19:00Z,Empire Well W.P.,none,0
2024-11-06T17:57:00Z,Road Canyon W.P.,none,0
2024-11-06T18:04:00Z,Headwaters,"RACH, RAYA, RAsp",0
2024-11-06T18:19:00Z,Gaucho W.P.,RACH,0
2024-11-06T18:33:00Z,Cottonwood W.P.,RACH,0
2024-11-06T18:57:00Z,Karen's Tank,none,0
2024-11-06T19:20:00Z,Heart Wetlands,RACH,0
2024-11-06T19:34:00Z,Egret Wetlands,none,0
2024-11-06T19:40:00Z,Bill's W.P,RACH,0
2024-11-06T19:41:00Z,Crescent Wetlands,none,0
2024-11-06T20:11:00Z,Empire Gulch Spring,none,0
2024-11-06T20:18:00Z,Maternity Well W.P.,RACH,0
2024-11-07T16:15:00Z,Beck Tank,none,0
2024-11-07T16:26:00Z,Reggie Tank,none,0
2024-11-07T16:35:00Z,Home Tank,none,0
2024-11-07T16:54:00Z,Johnson Tank,none,0
2024-11-07T16:57:00Z,BZ 2,none,0
2024-11-07T17:59:00Z,Clyne Spring,none,0
2024-11-07T18:15:00Z,Mustang Dam,none,0
2024-11-07T18:16:00Z,Clyne Pond,none,0
2024-11-07T18:41:00Z,Hospital Tank,none,0
2024-11-07T19:14:00Z,BZ 11,none,0
2024-11-07T19:17:00Z,BZ 10,none,0
2024-11-07T19:53:00Z,Jack Daniels Dam,none,0
2024-11-12T17:39:00Z,Encinas Tank,none,0
2024-11-12T18:20:00Z,Chilton Tank,none,0
2024-11-12T18:30:00Z,False Tank,none,0
2024-11-12T18:50:00Z,Arivaca Tank,none,0
2024-11-12T19:18:00Z,Watergate Tank,none,0
2024-11-12T19:35:00Z,Muleshoe Tank,none,0
2024-11-12T19:45:00Z,Side Pocket Tank,none,0
2024-11-12T20:08:00Z,Fraguita Tank,none,0
2024-11-12T20:34:00Z,Cloud Tank,none,0
2024-11-12T20:40:00Z,Arrastra Tank,none,0
2024-11-12T20:55:00Z,Double Tank,none,0
2024-11-12T21:12:00Z,Holding tank,RACA,0
2024-11-13T14:50:00Z,Jarillas Tank,none,0
2024-11-13T15:20:00Z,Frog Tank,none,0
2024-11-13T16:36:00Z,Cemetery Tank,none,0
2024-11-13T17:16:00Z,Chulo Tank,none,0
2024-11-13T18:03:00Z,Holding tank,RACA,0
2024-11-13T18:32:00Z,Yellow Jacket Tank,none,0
2024-11-13T19:55:00Z,Agua Cercada Tank,RACH,0
2024-11-13T20:05:00Z,Jarillas Tank,RACH,0
2024-11-13T20:39:00Z,Alamo Tank,none,0
2024-11-13T20:54:00Z,Mojonera Tank,RACH,0
2024-11-13T21:30:00Z,Frog Tank,none,0
2024-11-14T16:05:00Z,Horse Tank,none,0
2024-11-14T16:35:00Z,Holding tank,RAsp,0
2024-11-14T18:04:00Z,Corner Tank,none,0
2024-11-14T18:05:00Z,Horse Tank,none,0
2024-11-14T18:28:00Z,Loading Tank,none,0
2024-11-14T18:58:00Z,Ruby Lakes,none,0
2024-11-14T19:22:00Z,Palomas Tank,none,0
2024-11-14T19:44:00Z,Papago Tanks,none,0
2024-11-14T19:58:00Z,Austerlitz Tank,KISO,0
2024-11-14T20:10:00Z,Dart Tank,none,0
2024-11-14T20:25:00Z,Japanese Tank,none,0
2024-11-14T20:25:00Z,Juan Tank,RACA,0
2024-11-14T20:56:00Z,Margarita Tank,none,0
2024-11-14T21:08:00Z,Border Tank,RACA,0
2024-11-14T21:32:00Z,Dead Cow Tank,none,0
2024-11-19T13:51:00Z,Border Tank,none,0
2024-11-19T15:16:00Z,Juan Tank,none,0
2024-11-19T15:59:00Z,Sawtelle Tank,none,0
2024-11-19T16:27:00Z,Becker's Folly Tank,none,0
2024-11-19T17:17:00Z,Fritz Tank,none,0
2024-11-19T18:08:00Z,"Turkey Creek, Canelo Project",none,0
2024-11-19T18:11:00Z,Coches Tank,none,0
2024-11-19T18:51:00Z,Alamito Tank,none,0
2024-11-19T19:16:00Z,Pauline Tank,none,0
2024-11-19T19:34:00Z,Bull Tank,none,0
2024-11-19T19:53:00Z,Middle Canyon Tank,none,0
2024-11-19T20:41:00Z,Heifer Tank,none,0
2024-11-20T18:15:00Z,Section 3 House Pond,RACA,0
2024-11-20T18:18:00Z,Section 4,RACA,0
2024-11-20T19:00:00Z,Section 7,RACA,0
2024-11-20T19:21:00Z,Section 1,RAsp,0
2024-11-21T18:02:00Z,Woodchopper Tank,none,0
2024-11-21T18:22:00Z,Wilbur Tank,none,0
2024-11-21T18:23:00Z,Upper Tank,none,0
2024-11-21T18:40:00Z,Border Tank,none,0
2024-11-21T18:51:00Z,Little Outfit Tank,none,0
2024-11-21T19:03:00Z,Canelo Tank,none,0
2024-11-21T19:15:00Z,Caballo Tank,RACA,0
2024-11-21T19:18:00Z,Fish Tank,none,0
2024-11-21T19:45:00Z,Double Tank,none,0
2024-11-21T20:23:00Z,"TNC, Lower",none,0
2024-11-21T20:39:00Z,"TNC, Upper",none,0
2024-11-26T18:21:00Z,Border Tank,RACA,0
2024-11-26T18:35:00Z,Caballo Tank,RACA,0
2024-11-26T18:53:00Z,Juan Tank,none,0
2024-12-03T17:54:00Z,Headwaters,"RAYA, RACH",0
2024-12-03T18:06:00Z,Lower Empire Gulch,RACH,0
2024-12-03T19:14:00Z,Gaucho W.P.,RACH,0
2024-12-03T19:28:00Z,Cottonwood W.P.,RACH,0
2024-12-03T20:01:00Z,Bill's W.P,RACH,0
2024-12-03T20:08:00Z,Empire Well W.P.,none,0
2024-12-03T20:30:00Z,Maternity Well W.P.,RACH,0
2024-12-04T18:19:00Z,Catalina Regional Park Pond,RAYA,0
2024-12-05T18:00:00Z,Chilton Tank,none,0
2024-12-05T18:00:00Z,Watergate Tank,none,0
2024-12-05T18:22:00Z,Arivaca Tank,none,0
2024-12-05T18:50:00Z,False Tank,none,0
2024-12-05T19:06:00Z,Roadside Tank,none,0
2024-12-05T19:12:00Z,Muleshoe Tank,none,0
2024-12-05T19:21:00Z,Side Pocket Tank,none,0
2024-12-05T19:38:00Z,Holding tank,RACH,0
2024-12-05T19:39:00Z,Fraguita Tank,none,0
2024-12-05T20:20:00Z,Jarillas Tank,RACH,0
2024-12-05T20:45:00Z,Frog Tank,none,0
2024-12-05T20:49:00Z,Cemetery Tank,none,0
2024-12-05T21:26:00Z,Dead Cow Tank,none,0
2024-12-05T21:27:00Z,Mojonera Tank,RACH,0
